article,energy,nr,level_0,index,alfa,beta,alfa_err,beta_err,LET,cells,dose,sf,x_err,sf_err_up,sf_err_down,sf_error,weight,alfa_fit,beta_fit,alfa_fit_err,beta_fit_err,residuals,residuals_limit,alfa_fit_org,beta_fit_org,covar_fit,diff_alfa,div_alfa,diff_beta,div_beta,alfa/beta,alfa(fit)/beta(fit),a(fit)/a_ref(fit),b(fit)/b_ref(fit),a/a_ref,b/b_ref,A,B,C,D
10,0,0,0,0,0.129,0.046,0.012,0.003,0.0,V79-753B,1.0294011352282144,0.831076780751758,1.0532498924554972,0.9054178422402772,0.8012218623121588,0.05209798996405923,19.19459849967088,0.11902654688291725,0.04934754826990684,0.016523726828743607,0.00451818915477422,0.08355299797340364,0.272999032749006,0.15804398020883847,0.039868286082640494,-7.241395232481939e-05,0.009973453117082753,1.0837918378569222,-0.0033475482699068387,0.9321638381790035,2.8043478260869565,2.4120052779907226,0.0,0.0,0.0,0.0,True,True,True,True
10,0,1,1,1,0.129,0.046,0.012,0.003,0.0,V79-753B,1.325453347222516,0.809356863555165,1.3453407624393137,0.8639473746902828,0.7491032056708832,0.05742208450969982,17.414902446306673,0.11902654688291725,0.04934754826990684,0.016523726828743607,0.00451818915477422,0.23096614082070274,0.272999032749006,0.15804398020883847,0.039868286082640494,-7.241395232481939e-05,0.009973453117082753,1.0837918378569222,-0.0033475482699068387,0.9321638381790035,2.8043478260869565,2.4120052779907226,0.0,0.0,0.0,0.0,True,True,True,True
10,0,2,2,2,0.129,0.046,0.012,0.003,0.0,V79-753B,1.60505112778758,0.7408049280762645,1.6378003564332086,0.791456003175581,0.6816027779565244,0.0549266126095283,18.206110890343286,0.11902654688291725,0.04934754826990684,0.016523726828743607,0.00451818915477422,0.12149302296639915,0.272999032749006,0.15804398020883847,0.039868286082640494,-7.241395232481939e-05,0.009973453117082753,1.0837918378569222,-0.0033475482699068387,0.9321638381790035,2.8043478260869565,2.4120052779907226,0.0,0.0,0.0,0.0,True,True,True,True
10,0,3,3,3,0.129,0.046,0.012,0.003,0.0,V79-753B,2.050702608473819,0.6415400786159915,2.0254829260298663,0.6161173473382878,0.6915771400035262,0.037729896332619195,26.504180959952837,0.11902654688291725,0.04934754826990684,0.016523726828743607,0.00451818915477422,0.0669020644285763,0.272999032749006,0.15804398020883847,0.039868286082640494,-7.241395232481939e-05,0.009973453117082753,1.0837918378569222,-0.0033475482699068387,0.9321638381790035,2.8043478260869565,2.4120052779907226,0.0,0.0,0.0,0.0,True,True,True,True
10,0,4,4,4,0.129,0.046,0.012,0.003,0.0,V79-753B,2.1649269754884237,0.59329848772408,2.1931294426122045,0.5528796957458638,0.6205651014996341,0.03384270287688512,29.548467320646814,0.11902654688291725,0.04934754826990684,0.016523726828743607,0.00451818915477422,0.2864870442376103,0.272999032749006,0.15804398020883847,0.039868286082640494,-7.241395232481939e-05,0.009973453117082753,1.0837918378569222,-0.0033475482699068387,0.9321638381790035,2.8043478260869565,2.4120052779907226,0.0,0.0,0.0,0.0,True,True,True,True
10,0,5,5,5,0.129,0.046,0.012,0.003,0.0,V79-753B,2.733412700099917,0.4778687805942936,2.74600036872401,0.5067878421442972,0.44545170209163726,0.030668070026329958,32.607203490192035,0.11902654688291725,0.04934754826990684,0.016523726828743607,0.00451818915477422,0.3439283041773778,0.272999032749006,0.15804398020883847,0.039868286082640494,-7.241395232481939e-05,0.009973453117082753,1.0837918378569222,-0.0033475482699068387,0.9321638381790035,2.8043478260869565,2.4120052779907226,0.0,0.0,0.0,0.0,True,True,True,True
10,0,6,6,6,0.129,0.046,0.012,0.003,0.0,V79-753B,3.345117880907331,0.3915477300658679,3.3103939201507666,0.41108887042937753,0.3713041533807962,0.019892358524290665,50.27055986241625,0.11902654688291725,0.04934754826990684,0.016523726828743607,0.00451818915477422,0.12476774790871559,0.272999032749006,0.15804398020883847,0.039868286082640494,-7.241395232481939e-05,0.009973453117082753,1.0837918378569222,-0.0033475482699068387,0.9321638381790035,2.8043478260869565,2.4120052779907226,0.0,0.0,0.0,0.0,True,True,True,True
10,0,7,7,7,0.129,0.046,0.012,0.003,0.0,V79-753B,3.8696188269308447,0.326123813738421,3.9068357334535104,0.3053013189914741,0.3497315112309143,0.022215096119720085,45.01443498650053,0.11902654688291725,0.04934754826990684,0.016523726828743607,0.00451818915477422,0.581724637773677,0.272999032749006,0.15804398020883847,0.039868286082640494,-7.241395232481939e-05,0.009973453117082753,1.0837918378569222,-0.0033475482699068387,0.9321638381790035,2.8043478260869565,2.4120052779907226,0.0,0.0,0.0,0.0,True,True,True,True
10,0,8,8,8,0.129,0.046,0.012,0.003,0.0,V79-753B,4.168817364314716,0.2578840978161862,4.147274515025503,0.27775837654982977,0.24747477728997355,0.015141799629928107,66.04234796658368,0.11902654688291725,0.04934754826990684,0.016523726828743607,0.00451818915477422,0.012405832343932137,0.272999032749006,0.15804398020883847,0.039868286082640494,-7.241395232481939e-05,0.009973453117082753,1.0837918378569222,-0.0033475482699068387,0.9321638381790035,2.8043478260869565,2.4120052779907226,0.0,0.0,0.0,0.0,True,True,True,True
10,0,9,9,9,0.129,0.046,0.012,0.003,0.0,V79-753B,4.441250876931907,0.2132853740175347,4.41038982321732,0.2061258084067893,0.23452474033480578,0.014199465964008243,70.42518377344092,0.11902654688291725,0.04934754826990684,0.016523726828743607,0.00451818915477422,0.3341594405969992,0.272999032749006,0.15804398020883847,0.039868286082640494,-7.241395232481939e-05,0.009973453117082753,1.0837918378569222,-0.0033475482699068387,0.9321638381790035,2.8043478260869565,2.4120052779907226,0.0,0.0,0.0,0.0,True,True,True,True
10,1410,0,10,10,0.469,0.043,0.029,0.009,20.0,V79-753B,0.5389588721114547,0.7670674774873691,0.5385417535663639,0.807900675281974,0.7358919438896502,0.03600436569616189,27.774409593517746,0.5029850186712124,0.036452363350036876,0.02754402855423823,0.008032671560159058,0.1767034087657911,0.24444081327271838,0.4843307925972673,0.040825691995797324,-0.00020046867194912496,-0.0339850186712124,0.9324333381519113,0.0065476366499631206,1.1796217322616065,10.906976744186046,13.79841997736214,4.225822153489702,0.7386864115449133,3.635658914728682,0.9347826086956521,True,True,True,True
10,1410,1,11,11,0.469,0.043,0.029,0.009,20.0,V79-753B,1.106532076416118,0.5443528953804061,1.105697839325937,0.6038503746921533,0.4982690585524959,0.05279065806982869,18.94274548874259,0.5029850186712124,0.036452363350036876,0.02754402855423823,0.008032671560159058,0.036192625608693026,0.24444081327271838,0.4843307925972673,0.040825691995797324,-0.00020046867194912496,-0.0339850186712124,0.9324333381519113,0.0065476366499631206,1.1796217322616065,10.906976744186046,13.79841997736214,4.225822153489702,0.7386864115449133,3.635658914728682,0.9347826086956521,True,True,True,True
10,1410,2,12,12,0.469,0.043,0.029,0.009,20.0,V79-753B,1.6924167848502543,0.3963750244327675,1.7196546258446652,0.42389946466619927,0.368508054106874,0.02769570527966264,36.10668115876849,0.5029850186712124,0.036452363350036876,0.02754402855423823,0.008032671560159058,0.2162006062842186,0.24444081327271838,0.4843307925972673,0.040825691995797324,-0.00020046867194912496,-0.0339850186712124,0.9324333381519113,0.0065476366499631206,1.1796217322616065,10.906976744186046,13.79841997736214,4.225822153489702,0.7386864115449133,3.635658914728682,0.9347826086956521,True,True,True,True
10,1410,3,13,13,0.469,0.043,0.029,0.009,20.0,V79-753B,2.251939601234671,0.24203278439631032,2.232501877033453,0.271338427579604,0.22043906618133088,0.02544968069913657,39.29322382555184,0.5029850186712124,0.036452363350036876,0.02754402855423823,0.008032671560159058,0.48680620051957857,0.24444081327271838,0.4843307925972673,0.040825691995797324,-0.00020046867194912496,-0.0339850186712124,0.9324333381519113,0.0065476366499631206,1.1796217322616065,10.906976744186046,13.79841997736214,4.225822153489702,0.7386864115449133,3.635658914728682,0.9347826086956521,True,True,True,True
10,1410,4,14,14,0.469,0.043,0.029,0.009,20.0,V79-753B,3.4607491449069823,0.1282799667659845,3.458913823308584,0.1611633198829956,0.0887637391630913,0.03619979035995215,27.624469370029853,0.5029850186712124,0.036452363350036876,0.02754402855423823,0.008032671560159058,0.2074758703910183,0.24444081327271838,0.4843307925972673,0.040825691995797324,-0.00020046867194912496,-0.0339850186712124,0.9324333381519113,0.0065476366499631206,1.1796217322616065,10.906976744186046,13.79841997736214,4.225822153489702,0.7386864115449133,3.635658914728682,0.9347826086956521,True,True,True,True
10,1410,5,15,15,0.469,0.043,0.029,0.009,20.0,V79-753B,4.58926336864937,0.046600519333180226,4.597522315842162,0.05277249266990406,0.040487839402813176,0.006142326633545442,162.80475781581566,0.5029850186712124,0.036452363350036876,0.02754402855423823,0.008032671560159058,0.03744572330701356,0.24444081327271838,0.4843307925972673,0.040825691995797324,-0.00020046867194912496,-0.0339850186712124,0.9324333381519113,0.0065476366499631206,1.1796217322616065,10.906976744186046,13.79841997736214,4.225822153489702,0.7386864115449133,3.635658914728682,0.9347826086956521,True,True,True,True
10,3200,0,16,16,0.372,0.036,0.032,0.009,11.0,V79-753B,0.4927031928803407,0.8171688069358412,0.493124973638702,0.7754175379121154,0.8567884282639856,0.04068544517593509,24.57881425840922,0.38121369084664325,0.02930402032141899,0.026938292444449497,0.007319327264632102,0.06985358468492854,0.43009860604837324,0.36626071150793504,0.03366567306410074,-0.0001828167146449527,-0.009213690846643252,0.9758306402212878,0.0066959796785810086,1.2285003765741578,10.333333333333334,13.008921187786827,3.20276191177445,0.593829305584553,2.883720930232558,0.7826086956521738,True,True,True,True
10,3200,1,17,17,0.372,0.036,0.032,0.009,11.0,V79-753B,0.9758108735079505,0.6675703301867916,0.9939052680416713,0.7037197206496634,0.6204930698761252,0.041613325386769096,24.030763960958254,0.38121369084664325,0.02930402032141899,0.026938292444449497,0.007319327264632102,0.033484708380103444,0.43009860604837324,0.36626071150793504,0.03366567306410074,-0.0001828167146449527,-0.009213690846643252,0.9758306402212878,0.0066959796785810086,1.2285003765741578,10.333333333333334,13.008921187786827,3.20276191177445,0.593829305584553,2.883720930232558,0.7826086956521738,True,True,True,True
10,3200,2,18,18,0.372,0.036,0.032,0.009,11.0,V79-753B,1.5235564553545062,0.557488106742656,1.5331941456830736,0.5318636736726352,0.5846876935284843,0.02641200992792453,37.861563838908516,0.38121369084664325,0.02930402032141899,0.026938292444449497,0.007319327264632102,0.6812465454800681,0.43009860604837324,0.36626071150793504,0.03366567306410074,-0.0001828167146449527,-0.009213690846643252,0.9758306402212878,0.0066959796785810086,1.2285003765741578,10.333333333333334,13.008921187786827,3.20276191177445,0.593829305584553,2.883720930232558,0.7826086956521738,True,True,True,True
10,3200,3,19,19,0.372,0.036,0.032,0.009,11.0,V79-753B,2.0167236070690455,0.4122962779202634,2.025559913956724,0.43455909339443416,0.38924129090873594,0.02265890124284911,44.13276660162807,0.38121369084664325,0.02930402032141899,0.026938292444449497,0.007319327264632102,0.017925093945971884,0.43009860604837324,0.36626071150793504,0.03366567306410074,-0.0001828167146449527,-0.009213690846643252,0.9758306402212878,0.0066959796785810086,1.2285003765741578,10.333333333333334,13.008921187786827,3.20276191177445,0.593829305584553,2.883720930232558,0.7826086956521738,True,True,True,True
10,3200,4,20,20,0.372,0.036,0.032,0.009,11.0,V79-753B,3.105065586907924,0.22117829345201276,3.1148719895398367,0.20663161054561682,0.22834841463600702,0.0108584020451951,92.09458222653537,0.38121369084664325,0.02930402032141899,0.026938292444449497,0.007319327264632102,0.4258756563155148,0.43009860604837324,0.36626071150793504,0.03366567306410074,-0.0001828167146449527,-0.009213690846643252,0.9758306402212878,0.0066959796785810086,1.2285003765741578,10.333333333333334,13.008921187786827,3.20276191177445,0.593829305584553,2.883720930232558,0.7826086956521738,True,True,True,True
10,3200,5,21,21,0.372,0.036,0.032,0.009,11.0,V79-753B,4.139040026993968,0.10235822312542557,4.1288540216795315,0.11485952744647798,0.08521826915116515,0.014820629147656417,67.47351883898463,0.38121369084664325,0.02930402032141899,0.026938292444449497,0.007319327264632102,0.6679919327538525,0.43009860604837324,0.36626071150793504,0.03366567306410074,-0.0001828167146449527,-0.009213690846643252,0.9758306402212878,0.0066959796785810086,1.2285003765741578,10.333333333333334,13.008921187786827,3.20276191177445,0.593829305584553,2.883720930232558,0.7826086956521738,True,True,True,True
10,3200,6,22,22,0.372,0.036,0.032,0.009,11.0,V79-753B,5.29096545615589,0.0639955186960296,5.280948163144796,0.07032073251828398,0.05763157767930967,0.006344577419487157,157.61491016384062,0.38121369084664325,0.02930402032141899,0.026938292444449497,0.007319327264632102,0.444190975451219,0.43009860604837324,0.36626071150793504,0.03366567306410074,-0.0001828167146449527,-0.009213690846643252,0.9758306402212878,0.0066959796785810086,1.2285003765741578,10.333333333333334,13.008921187786827,3.20276191177445,0.593829305584553,2.883720930232558,0.7826086956521738,True,True,True,True
10,5010,0,23,23,0.289,0.024,0.023,0.006,7.7,V79-753B,0.4800803740484567,0.8930329818963095,0.4704586730553735,0.9390323449725257,0.7994972160796614,0.06976756444643217,14.333308148771685,0.2912786193318384,0.02350703520725972,0.023963201974875014,0.006364084201124641,0.19968821095081696,0.34174337484631007,0.2846686340314497,0.024546443625194602,-0.0001428156601751045,-0.0022786193318384274,0.9921771830110108,0.0004929647927402817,1.0209709471396051,12.041666666666666,12.391125327530983,2.44717356724093,0.4763566991958301,2.24031007751938,0.5217391304347826,True,True,True,True
10,5010,1,24,24,0.289,0.024,0.023,0.006,7.7,V79-753B,0.9957880907299357,0.7622975123123946,0.934696085629275,0.7210637230033127,0.7894946694371575,0.03421547321692242,29.22654302222002,0.2912786193318384,0.02350703520725972,0.023963201974875014,0.006364084201124641,0.46261057439157144,0.34174337484631007,0.2846686340314497,0.024546443625194602,-0.0001428156601751045,-0.0022786193318384274,0.9921771830110108,0.0004929647927402817,1.0209709471396051,12.041666666666666,12.391125327530983,2.44717356724093,0.4763566991958301,2.24031007751938,0.5217391304347826,True,True,True,True
10,5010,2,25,25,0.289,0.024,0.023,0.006,7.7,V79-753B,1.504038023107539,0.5943796238894024,1.4678697013022144,0.6249122006560874,0.548419380890589,0.038246409882749244,26.146244917252808,0.2912786193318384,0.02350703520725972,0.023963201974875014,0.006364084201124641,0.22184862870507863,0.34174337484631007,0.2846686340314497,0.024546443625194602,-0.0001428156601751045,-0.0022786193318384274,0.9921771830110108,0.0004929647927402817,1.0209709471396051,12.041666666666666,12.391125327530983,2.44717356724093,0.4763566991958301,2.24031007751938,0.5217391304347826,True,True,True,True
10,5010,3,26,26,0.289,0.024,0.023,0.006,7.7,V79-753B,1.9938946636268793,0.4848571653936473,1.9768924610688208,0.46336800226657054,0.512401165109195,0.024516581421312217,40.78872102171235,0.2912786193318384,0.02350703520725972,0.023963201974875014,0.006364084201124641,0.4937761429125441,0.34174337484631007,0.2846686340314497,0.024546443625194602,-0.0001428156601751045,-0.0022786193318384274,0.9921771830110108,0.0004929647927402817,1.0209709471396051,12.041666666666666,12.391125327530983,2.44717356724093,0.4763566991958301,2.24031007751938,0.5217391304347826,True,True,True,True
10,5010,4,27,27,0.289,0.024,0.023,0.006,7.7,V79-753B,3.02592835890104,0.33936099667310693,3.009698983731983,0.30841946194916037,0.3677683945930016,0.02967446632192061,33.699005372214465,0.2912786193318384,0.02350703520725972,0.023963201974875014,0.006364084201124641,0.09053502083253422,0.34174337484631007,0.2846686340314497,0.024546443625194602,-0.0001428156601751045,-0.0022786193318384274,0.9921771830110108,0.0004929647927402817,1.0209709471396051,12.041666666666666,12.391125327530983,2.44717356724093,0.4763566991958301,2.24031007751938,0.5217391304347826,True,True,True,True
10,5010,5,28,28,0.289,0.024,0.023,0.006,7.7,V79-753B,3.978708605432976,0.23153676555291566,3.9888712855983615,0.21258090297300994,0.24719557334757788,0.017307335187283973,57.77896996729565,0.2912786193318384,0.02350703520725972,0.023963201974875014,0.006364084201124641,0.45085944024412206,0.34174337484631007,0.2846686340314497,0.024546443625194602,-0.0001428156601751045,-0.0022786193318384274,0.9921771830110108,0.0004929647927402817,1.0209709471396051,12.041666666666666,12.391125327530983,2.44717356724093,0.4763566991958301,2.24031007751938,0.5217391304347826,True,True,True,True
10,5010,6,29,29,0.289,0.024,0.023,0.006,7.7,V79-753B,5.015070134085552,0.1222944583022267,5.022527918389427,0.13388267193486672,0.11060650553482496,0.011638083200020882,85.92480246216195,0.2912786193318384,0.02350703520725972,0.023963201974875014,0.006364084201124641,0.2582250106438955,0.34174337484631007,0.2846686340314497,0.024546443625194602,-0.0001428156601751045,-0.0022786193318384274,0.9921771830110108,0.0004929647927402817,1.0209709471396051,12.041666666666666,12.391125327530983,2.44717356724093,0.4763566991958301,2.24031007751938,0.5217391304347826,True,True,True,True
11,0,0,35,35,0.24,0.016,0.06,0.013,0.0,C3H10T1/2,0.5052612032681354,0.879156493150544,0.4716513988611035,0.9982674851282193,0.8228201971756615,0.08772364397627891,11.39943525682092,0.26576956067414703,0.012590511966337203,0.033747238902017744,0.008245317407529283,0.04503696114705341,0.22600883191787532,0.2763344771191736,0.01046077033538365,-0.00026296823027282515,-0.02576956067414704,0.903037952846141,0.003409488033662797,1.2707982044557538,15.0,21.108717531481286,0.0,0.0,0.0,0.0,True,True,True,True
11,0,1,36,36,0.24,0.016,0.06,0.013,0.0,C3H10T1/2,0.9888586283733589,0.8210435236444468,0.9643476107947506,0.734870300206542,0.896938461874554,0.08103408083400598,12.340486739751475,0.26576956067414703,0.012590511966337203,0.033747238902017744,0.008245317407529283,0.39108647786957124,0.22600883191787532,0.2763344771191736,0.01046077033538365,-0.00026296823027282515,-0.02576956067414704,0.903037952846141,0.003409488033662797,1.2707982044557538,15.0,21.108717531481286,0.0,0.0,0.0,0.0,True,True,True,True
11,0,2,37,37,0.24,0.016,0.06,0.013,0.0,C3H10T1/2,1.98446397623174,0.5645362549933263,1.9641619212676396,0.616720387706769,0.5053809675855246,0.05566971006062216,17.963089782774848,0.26576956067414703,0.012590511966337203,0.033747238902017744,0.008245317407529283,0.02632859423904786,0.22600883191787532,0.2763344771191736,0.01046077033538365,-0.00026296823027282515,-0.02576956067414704,0.903037952846141,0.003409488033662797,1.2707982044557538,15.0,21.108717531481286,0.0,0.0,0.0,0.0,True,True,True,True
11,0,3,38,38,0.24,0.016,0.06,0.013,0.0,C3H10T1/2,2.973879673186431,0.3796490109806955,2.9729512255508785,0.41251238243617233,0.3342707487671318,0.03912081683452026,25.561838451123513,0.26576956067414703,0.012590511966337203,0.033747238902017744,0.008245317407529283,0.3175781427949934,0.22600883191787532,0.2763344771191736,0.01046077033538365,-0.00026296823027282515,-0.02576956067414704,0.903037952846141,0.003409488033662797,1.2707982044557538,15.0,21.108717531481286,0.0,0.0,0.0,0.0,True,True,True,True
11,0,4,39,39,0.24,0.016,0.06,0.013,0.0,C3H10T1/2,5.00259965337955,0.19834581522931377,5.026924981431047,0.22531467012531498,0.17565745415857484,0.02482860798337007,40.276120218652174,0.26576956067414703,0.012590511966337203,0.033747238902017744,0.008245317407529283,0.1079910201281798,0.22600883191787532,0.2763344771191736,0.01046077033538365,-0.00026296823027282515,-0.02576956067414704,0.903037952846141,0.003409488033662797,1.2707982044557538,15.0,21.108717531481286,0.0,0.0,0.0,0.0,True,True,True,True
11,870,0,30,30,0.55,0.053,0.12,0.031,28.8,C3H10T1/2,0.5209843953620465,0.6956377348925378,0.5071841480936938,0.8173728773428677,0.5783463389810006,0.11951326918093352,8.3672717419024,0.5347203658034914,0.05425711546713785,0.04938144562528809,0.01287253189593141,0.20125479144763417,0.15210770087520623,0.5401754759649375,0.052737049440820624,-0.0006267059447818301,0.015279634196508685,1.0285749995206352,-0.0012571154671378523,0.9768304036011782,10.377358490566039,9.855303976256494,2.0119699353346854,4.3093653071617055,2.291666666666667,3.3125,True,True,True,True
11,870,1,31,31,0.55,0.053,0.12,0.031,28.8,C3H10T1/2,1.0349517158418813,0.5588368812906853,1.0543990376583006,0.6763738177856082,0.44385551584468796,0.11625915097046013,8.601473446628614,0.5347203658034914,0.05425711546713785,0.04938144562528809,0.01287253189593141,0.0703346873726513,0.15210770087520623,0.5401754759649375,0.052737049440820624,-0.0006267059447818301,0.015279634196508685,1.0285749995206352,-0.0012571154671378523,0.9768304036011782,10.377358490566039,9.855303976256494,2.0119699353346854,4.3093653071617055,2.291666666666667,3.3125,True,True,True,True
11,870,2,32,32,0.55,0.053,0.12,0.031,28.8,C3H10T1/2,2.0968356333745444,0.2915395173169089,2.08955124135396,0.3608745318562571,0.21222434489687916,0.07432509347968898,13.454406219795374,0.5347203658034914,0.05425711546713785,0.04938144562528809,0.01287253189593141,0.23958859775544172,0.15210770087520623,0.5401754759649375,0.052737049440820624,-0.0006267059447818301,0.015279634196508685,1.0285749995206352,-0.0012571154671378523,0.9768304036011782,10.377358490566039,9.855303976256494,2.0119699353346854,4.3093653071617055,2.291666666666667,3.3125,True,True,True,True
11,870,3,33,33,0.55,0.053,0.12,0.031,28.8,C3H10T1/2,3.106342099107829,0.10932703510700967,3.1134427105957823,0.09411001599453785,0.1220705082602658,0.013980246132863978,71.52949887264546,0.5347203658034914,0.05425711546713785,0.04938144562528809,0.01287253189593141,0.1108683960097868,0.15210770087520623,0.5401754759649375,0.052737049440820624,-0.0006267059447818301,0.015279634196508685,1.0285749995206352,-0.0012571154671378523,0.9768304036011782,10.377358490566039,9.855303976256494,2.0119699353346854,4.3093653071617055,2.291666666666667,3.3125,True,True,True,True
11,870,4,34,34,0.55,0.053,0.12,0.031,28.8,C3H10T1/2,4.149046011962442,0.04296755506681772,4.162161259063722,0.04632906943278165,0.037638650416947944,0.004345209507916854,230.13850038255399,0.5347203658034914,0.05425711546713785,0.04938144562528809,0.01287253189593141,0.025431183062675514,0.15210770087520623,0.5401754759649375,0.052737049440820624,-0.0006267059447818301,0.015279634196508685,1.0285749995206352,-0.0012571154671378523,0.9768304036011782,10.377358490566039,9.855303976256494,2.0119699353346854,4.3093653071617055,2.291666666666667,3.3125,True,True,True,True
11,1460,0,40,40,0.43,0.038,0.06,0.013,19.7,C3H10T1/2,0.47302645007934396,0.6877455943789148,0.47177538832298493,0.761579776888162,0.6144384425812948,0.07357066715343363,13.592373682224094,0.4443766652647494,0.03665767134286568,0.051587062716629814,0.011773384352010011,0.7263255921033798,0.3660399993901499,0.45032949652625076,0.034973582452243385,-0.000588955293698914,-0.0143766652647494,0.9676475693065834,0.001342328657134316,1.0366179467478793,11.31578947368421,12.122337534984583,1.6720374753886422,2.911531432627678,1.7916666666666667,2.375,True,True,True,True
11,1460,1,41,41,0.43,0.038,0.06,0.013,19.7,C3H10T1/2,1.0045433295362514,0.6633309850868142,1.0060577727150017,0.58629878707767,0.7189534177788514,0.06632731535059067,15.076744697327701,0.4443766652647494,0.03665767134286568,0.051587062716629814,0.011773384352010011,0.357439864812354,0.3660399993901499,0.45032949652625076,0.034973582452243385,-0.000588955293698914,-0.0143766652647494,0.9676475693065834,0.001342328657134316,1.0366179467478793,11.31578947368421,12.122337534984583,1.6720374753886422,2.911531432627678,1.7916666666666667,2.375,True,True,True,True
11,1460,2,42,42,0.43,0.038,0.06,0.013,19.7,C3H10T1/2,2.0342856766597963,0.37055373583664053,2.0386841464137326,0.41034142924240824,0.33106124448379776,0.03964009237930524,25.226984600118296,0.4443766652647494,0.03665767134286568,0.051587062716629814,0.011773384352010011,0.29314129717780096,0.3660399993901499,0.45032949652625076,0.034973582452243385,-0.000588955293698914,-0.0143766652647494,0.9676475693065834,0.001342328657134316,1.0366179467478793,11.31578947368421,12.122337534984583,1.6720374753886422,2.911531432627678,1.7916666666666667,2.375,True,True,True,True
11,1460,3,43,43,0.43,0.038,0.06,0.013,19.7,C3H10T1/2,3.0604855436521774,0.17433151508404532,3.076314767137899,0.19099473394187474,0.15001784092749776,0.020488446507188493,48.80799525962811,0.4443766652647494,0.03665767134286568,0.051587062716629814,0.011773384352010011,0.17984666412446595,0.3660399993901499,0.45032949652625076,0.034973582452243385,-0.000588955293698914,-0.0143766652647494,0.9676475693065834,0.001342328657134316,1.0366179467478793,11.31578947368421,12.122337534984583,1.6720374753886422,2.911531432627678,1.7916666666666667,2.375,True,True,True,True
11,1460,4,44,44,0.43,0.038,0.06,0.013,19.7,C3H10T1/2,4.120450908995133,0.08290905621011575,4.1161841299523925,0.07407061482229375,0.09082966374346978,0.008379524460588011,119.33851433972991,0.4443766652647494,0.03665767134286568,0.051587062716629814,0.011773384352010011,0.1794435123347123,0.3660399993901499,0.45032949652625076,0.034973582452243385,-0.000588955293698914,-0.0143766652647494,0.9676475693065834,0.001342328657134316,1.0366179467478793,11.31578947368421,12.122337534984583,1.6720374753886422,2.911531432627678,1.7916666666666667,2.375,True,True,True,True
11,1460,5,45,45,0.43,0.038,0.06,0.013,19.7,C3H10T1/2,5.140803708410426,0.039638103936399854,5.139552646654067,0.04389352487152578,0.03560525610489429,0.0041441343833157444,241.30491617887512,0.4443766652647494,0.03665767134286568,0.051587062716629814,0.011773384352010011,0.12076401748929169,0.3660399993901499,0.45032949652625076,0.034973582452243385,-0.000588955293698914,-0.0143766652647494,0.9676475693065834,0.001342328657134316,1.0366179467478793,11.31578947368421,12.122337534984583,1.6720374753886422,2.911531432627678,1.7916666666666667,2.375,True,True,True,True
11,3180,0,46,46,0.47,0.019,0.06,0.014,11.0,C3H10T1/2,0.47567467194850166,0.6966422674437426,0.4767888091111654,0.6305857627424094,0.8089635295943353,0.08918888342596293,11.212159650256362,0.48154076225625264,0.019228579839492,0.07083881571199542,0.017832967163469483,0.5141442061924957,0.4605437398222831,0.4738557572267119,0.020956091359048194,-0.0012163973967477966,-0.011540762256252668,0.9760336753171661,-0.0002285798394919998,0.9881124949736257,24.736842105263158,25.042970738133018,1.8118732673327362,1.5272277958912837,1.9583333333333333,1.1875,True,True,True,True
11,3180,1,47,47,0.47,0.019,0.06,0.014,11.0,C3H10T1/2,0.9864446645209208,0.5729390751579329,0.9684946769002225,0.5071848767773826,0.6259296763106893,0.05937239976665337,16.842842868575644,0.48154076225625264,0.019228579839492,0.07083881571199542,0.017832967163469483,0.30067993448053715,0.4605437398222831,0.4738557572267119,0.020956091359048194,-0.0012163973967477966,-0.011540762256252668,0.9760336753171661,-0.0002285798394919998,0.9881124949736257,24.736842105263158,25.042970738133018,1.8118732673327362,1.5272277958912837,1.9583333333333333,1.1875,True,True,True,True
11,3180,2,48,48,0.47,0.019,0.06,0.014,11.0,C3H10T1/2,1.987868284228769,0.41638129416487046,1.9868160435751416,0.45746010228434847,0.3668215976678021,0.04531925230827319,22.065677368146837,0.48154076225625264,0.019228579839492,0.07083881571199542,0.017832967163469483,0.7113215285436708,0.4605437398222831,0.4738557572267119,0.020956091359048194,-0.0012163973967477966,-0.011540762256252668,0.9760336753171661,-0.0002285798394919998,0.9881124949736257,24.736842105263158,25.042970738133018,1.8118732673327362,1.5272277958912837,1.9583333333333333,1.1875,True,True,True,True
11,3180,3,49,49,0.47,0.019,0.06,0.014,11.0,C3H10T1/2,2.982359494924485,0.17786173673498215,3.000680861599405,0.19435816472141001,0.15663223995527767,0.018862962383066173,53.01394233271275,0.48154076225625264,0.019228579839492,0.07083881571199542,0.017832967163469483,0.5541798420733288,0.4605437398222831,0.4738557572267119,0.020956091359048194,-0.0012163973967477966,-0.011540762256252668,0.9760336753171661,-0.0002285798394919998,0.9881124949736257,24.736842105263158,25.042970738133018,1.8118732673327362,1.5272277958912837,1.9583333333333333,1.1875,True,True,True,True
11,3180,4,50,50,0.47,0.019,0.06,0.014,11.0,C3H10T1/2,3.9978955186927445,0.11572670972217489,4.005818271849468,0.10133668457953354,0.12646020062405816,0.01256175802226231,79.6066918521891,0.48154076225625264,0.019228579839492,0.07083881571199542,0.017832967163469483,0.3429644215960368,0.4605437398222831,0.4738557572267119,0.020956091359048194,-0.0012163973967477966,-0.011540762256252668,0.9760336753171661,-0.0002285798394919998,0.9881124949736257,24.736842105263158,25.042970738133018,1.8118732673327362,1.5272277958912837,1.9583333333333333,1.1875,True,True,True,True
11,3180,5,51,51,0.47,0.019,0.06,0.014,11.0,C3H10T1/2,5.023953948997277,0.05225941720527885,5.02587274077742,0.04402014627990832,0.05969170790101811,0.007835780810554895,127.61970047107334,0.48154076225625264,0.019228579839492,0.07083881571199542,0.017832967163469483,0.15421337703821061,0.4605437398222831,0.4738557572267119,0.020956091359048194,-0.0012163973967477966,-0.011540762256252668,0.9760336753171661,-0.0002285798394919998,0.9881124949736257,24.736842105263158,25.042970738133018,1.8118732673327362,1.5272277958912837,1.9583333333333333,1.1875,True,True,True,True
12,0,0,52,52,0.13,0.048,0.022,0.003,0.0,V79-379A,0.9518718060727089,0.914486079031238,0.9449101713366479,1.044667495415732,0.8255260936810832,0.1095707008673244,9.12652736620593,0.11775158464867563,0.05222599019916174,0.0208473539163091,0.0035550669037151803,0.2973722489312464,0.267063160841654,0.14111401621719954,0.048816309283777705,-6.92970713354119e-05,0.012248415351324371,1.104019112675798,-0.004225990199161742,0.9190826218316571,2.7083333333333335,2.254654898827856,0.0,0.0,0.0,0.0,True,True,True,True
12,0,1,53,53,0.13,0.048,0.022,0.003,0.0,V79-379A,1.9520174179546383,0.6675901906562292,1.9454995527635053,0.702674017531545,0.6278602263715768,0.03740689557998411,26.73303904254181,0.11775158464867563,0.05222599019916174,0.0208473539163091,0.0035550669037151803,0.2200550917728661,0.267063160841654,0.14111401621719954,0.048816309283777705,-6.92970713354119e-05,0.012248415351324371,1.104019112675798,-0.004225990199161742,0.9190826218316571,2.7083333333333335,2.254654898827856,0.0,0.0,0.0,0.0,True,True,True,True
12,0,2,54,54,0.13,0.048,0.022,0.003,0.0,V79-379A,3.9477877394795406,0.25906750018212543,3.947454912320845,0.2754740605006611,0.23385455814160763,0.020809751179526728,48.05439485426576,0.11775158464867563,0.05222599019916174,0.0208473539163091,0.0035550669037151803,0.43875116188321345,0.267063160841654,0.14111401621719954,0.048816309283777705,-6.92970713354119e-05,0.012248415351324371,1.104019112675798,-0.004225990199161742,0.9190826218316571,2.7083333333333335,2.254654898827856,0.0,0.0,0.0,0.0,True,True,True,True
12,0,3,55,55,0.13,0.048,0.022,0.003,0.0,V79-379A,5.96344448373654,0.08108047810178404,5.950575166933621,0.087110460528319,0.06954528038024642,0.00878259007403629,113.86162755748674,0.11775158464867563,0.05222599019916174,0.0208473539163091,0.0035550669037151803,0.209537586922376,0.267063160841654,0.14111401621719954,0.048816309283777705,-6.92970713354119e-05,0.012248415351324371,1.104019112675798,-0.004225990199161742,0.9190826218316571,2.7083333333333335,2.254654898827856,0.0,0.0,0.0,0.0,True,True,True,True
12,0,4,56,56,0.13,0.048,0.022,0.003,0.0,V79-379A,7.982318557194266,0.014016228374846005,7.970780549026133,0.011779153181264735,0.016010737847143745,0.002115792332939505,472.6361772049167,0.11775158464867563,0.05222599019916174,0.0208473539163091,0.0035550669037151803,0.00031282490705408837,0.267063160841654,0.14111401621719954,0.048816309283777705,-6.92970713354119e-05,0.012248415351324371,1.104019112675798,-0.004225990199161742,0.9190826218316571,2.7083333333333335,2.254654898827856,0.0,0.0,0.0,0.0,True,True,True,True
12,1070,0,57,57,0.74,0.011,0.025,0.004,27.6,V79-379A,1.9529681288322895,0.2580861540418075,1.9526986052152826,0.2700054615852973,0.2411864699640998,0.014409495810598763,69.39868078274188,0.7114734558352465,0.020036561299008326,0.027428033698965352,0.005590343672703348,0.987352770349648,0.5605509615683242,0.7181603102414824,0.01484106102111592,-0.000145726813718003,0.02852654416475353,1.0400950224225363,-0.009036561299008327,0.54899639892522,67.27272727272728,35.50876047131199,6.042156103104711,0.38365115189965177,5.692307692307692,0.22916666666666666,True,True,True,True
12,1070,1,58,58,0.74,0.011,0.025,0.004,27.6,V79-379A,2.46519776295398,0.14030037231905734,2.4507782494441077,0.1570646429471554,0.1311133937421565,0.012975624602499444,77.06758099393333,0.7114734558352465,0.020036561299008326,0.027428033698965352,0.005590343672703348,0.4888325825133627,0.5605509615683242,0.7181603102414824,0.01484106102111592,-0.000145726813718003,0.02852654416475353,1.0400950224225363,-0.009036561299008327,0.54899639892522,67.27272727272728,35.50876047131199,6.042156103104711,0.38365115189965177,5.692307692307692,0.22916666666666666,True,True,True,True
12,1070,2,59,59,0.74,0.011,0.025,0.004,27.6,V79-379A,2.9617950272892664,0.1046183444391825,2.9754059699481177,0.1070068955693175,0.0977678530739286,0.00461952124769445,216.4726486535999,0.7114734558352465,0.020036561299008326,0.027428033698965352,0.005590343672703348,0.2831474902128416,0.5605509615683242,0.7181603102414824,0.01484106102111592,-0.000145726813718003,0.02852654416475353,1.0400950224225363,-0.009036561299008327,0.54899639892522,67.27272727272728,35.50876047131199,6.042156103104711,0.38365115189965177,5.692307692307692,0.22916666666666666,True,True,True,True
12,1070,3,60,60,0.74,0.011,0.025,0.004,27.6,V79-379A,3.459335624284078,0.06660846290809158,3.472542281517418,0.0729029492858895,0.0608574464330669,0.006022751426411302,166.0370699701709,0.7114734558352465,0.020036561299008326,0.027428033698965352,0.005590343672703348,0.043858262359256904,0.5605509615683242,0.7181603102414824,0.01484106102111592,-0.000145726813718003,0.02852654416475353,1.0400950224225363,-0.009036561299008327,0.54899639892522,67.27272727272728,35.50876047131199,6.042156103104711,0.38365115189965177,5.692307692307692,0.22916666666666666,True,True,True,True
12,1070,4,61,61,0.74,0.011,0.025,0.004,27.6,V79-379A,3.971026211171755,0.03963138187688586,3.970756687554748,0.04146169559796819,0.037036287863536,0.002212703867216094,451.9357582441191,0.7114734558352465,0.020036561299008326,0.027428033698965352,0.005590343672703348,0.7698710116604314,0.5605509615683242,0.7181603102414824,0.01484106102111592,-0.000145726813718003,0.02852654416475353,1.0400950224225363,-0.009036561299008327,0.54899639892522,67.27272727272728,35.50876047131199,6.042156103104711,0.38365115189965177,5.692307692307692,0.22916666666666666,True,True,True,True
12,1070,5,62,62,0.74,0.011,0.025,0.004,27.6,V79-379A,5.974530018192845,0.00696846711508324,5.974125732767335,0.00745674032861935,0.00666084629080916,0.000397947018905095,2512.8973267632055,0.7114734558352465,0.020036561299008326,0.027428033698965352,0.005590343672703348,0.0038561512328816536,0.5605509615683242,0.7181603102414824,0.01484106102111592,-0.000145726813718003,0.02852654416475353,1.0400950224225363,-0.009036561299008327,0.54899639892522,67.27272727272728,35.50876047131199,6.042156103104711,0.38365115189965177,5.692307692307692,0.22916666666666666,True,True,True,True
12,1070,6,63,63,0.74,0.011,0.025,0.004,27.6,V79-379A,7.977494777979921,0.00134106855801582,7.979246681490466,0.001,0.00175832049882354,0.00037916024941177,2637.407274500431,0.7114734558352465,0.020036561299008326,0.027428033698965352,0.005590343672703348,0.5964685737445485,0.5605509615683242,0.7181603102414824,0.01484106102111592,-0.000145726813718003,0.02852654416475353,1.0400950224225363,-0.009036561299008327,0.54899639892522,67.27272727272728,35.50876047131199,6.042156103104711,0.38365115189965177,5.692307692307692,0.22916666666666666,True,True,True,True
12,1830,0,64,64,0.45,0.028,0.035,0.006,17.8,V79-379A,0.9294059728607189,0.5771012099201006,0.916425713671569,0.6328419387567604,0.5157065713332993,0.058567683711730545,17.074262402487836,0.4584942866456574,0.028470026336435694,0.05370376407907259,0.010185896585409264,0.4837633593181977,0.7375632298893838,0.47111659228844127,0.02677196564774477,-0.0005068037012738531,-0.008494286645657378,0.981473516915987,-0.00047002633643569366,0.9834904846633683,16.071428571428573,16.10445600673296,3.8937419654573975,0.5451313843522426,3.4615384615384617,0.5833333333333334,True,True,True,True
12,1830,1,65,65,0.45,0.028,0.035,0.006,17.8,V79-379A,1.948883295543583,0.37638430461088507,1.9610869580291082,0.3961074842095348,0.3362784048343659,0.02991453968758445,33.42856050748573,0.4584942866456574,0.028470026336435694,0.05370376407907259,0.010185896585409264,0.14986977114680494,0.7375632298893838,0.47111659228844127,0.02677196564774477,-0.0005068037012738531,-0.008494286645657378,0.981473516915987,-0.00047002633643569366,0.9834904846633683,16.071428571428573,16.10445600673296,3.8937419654573975,0.5451313843522426,3.4615384615384617,0.5833333333333334,True,True,True,True
12,1830,2,66,66,0.45,0.028,0.035,0.006,17.8,V79-379A,2.4540871868477803,0.3946114786926952,2.45353247491662,0.43713542994294685,0.3384544853134992,0.04934047231472383,20.267337402475317,0.4584942866456574,0.028470026336435694,0.05370376407907259,0.010185896585409264,1.4336072759807812,0.7375632298893838,0.47111659228844127,0.02677196564774477,-0.0005068037012738531,-0.008494286645657378,0.981473516915987,-0.00047002633643569366,0.9834904846633683,16.071428571428573,16.10445600673296,3.8937419654573975,0.5451313843522426,3.4615384615384617,0.5833333333333334,True,True,True,True
12,1830,3,67,67,0.45,0.028,0.035,0.006,17.8,V79-379A,2.9574327931825906,0.18433296404845104,2.95074851441211,0.2000694798420764,0.1613777390975593,0.01934587037225856,51.690618243466176,0.4584942866456574,0.028470026336435694,0.05370376407907259,0.010185896585409264,0.400317754105917,0.7375632298893838,0.47111659228844127,0.02677196564774477,-0.0005068037012738531,-0.008494286645657378,0.981473516915987,-0.00047002633643569366,0.9834904846633683,16.071428571428573,16.10445600673296,3.8937419654573975,0.5451313843522426,3.4615384615384617,0.5833333333333334,True,True,True,True
12,1830,4,68,68,0.45,0.028,0.035,0.006,17.8,V79-379A,3.9594089544373485,0.09599819912896725,3.977797654955311,0.10206302992438307,0.08489168007927435,0.00858567492255436,116.47307975439696,0.4584942866456574,0.028470026336435694,0.05370376407907259,0.010185896585409264,0.44370650003043194,0.7375632298893838,0.47111659228844127,0.02677196564774477,-0.0005068037012738531,-0.008494286645657378,0.981473516915987,-0.00047002633643569366,0.9834904846633683,16.071428571428573,16.10445600673296,3.8937419654573975,0.5451313843522426,3.4615384615384617,0.5833333333333334,True,True,True,True
12,1830,5,69,69,0.45,0.028,0.035,0.006,17.8,V79-379A,4.9534249994799575,0.06866374346694293,4.960774932567831,0.05595180331311685,0.08170423583889401,0.012876216262888578,77.66256636137499,0.4584942866456574,0.028470026336435694,0.05370376407907259,0.010185896585409264,0.7689485433900013,0.7375632298893838,0.47111659228844127,0.02677196564774477,-0.0005068037012738531,-0.008494286645657378,0.981473516915987,-0.00047002633643569366,0.9834904846633683,16.071428571428573,16.10445600673296,3.8937419654573975,0.5451313843522426,3.4615384615384617,0.5833333333333334,True,True,True,True
12,1830,6,70,70,0.45,0.028,0.035,0.006,17.8,V79-379A,5.96552465347839,0.017467980576553806,5.966523134954478,0.014529122051681508,0.019950807432089837,0.0027108426902041644,368.88898187031504,0.4584942866456574,0.028470026336435694,0.05370376407907259,0.010185896585409264,0.9430351114558716,0.7375632298893838,0.47111659228844127,0.02677196564774477,-0.0005068037012738531,-0.008494286645657378,0.981473516915987,-0.00047002633643569366,0.9834904846633683,16.071428571428573,16.10445600673296,3.8937419654573975,0.5451313843522426,3.4615384615384617,0.5833333333333334,True,True,True,True
12,1830,7,71,71,0.45,0.028,0.035,0.006,17.8,V79-379A,7.975218244475415,0.005194499654284276,7.9742197629993266,0.0062452100507650295,0.004105038614250014,0.0010700857182575079,934.5045756038749,0.4584942866456574,0.028470026336435694,0.05370376407907259,0.010185896585409264,0.4939175061222391,0.7375632298893838,0.47111659228844127,0.02677196564774477,-0.0005068037012738531,-0.008494286645657378,0.981473516915987,-0.00047002633643569366,0.9834904846633683,16.071428571428573,16.10445600673296,3.8937419654573975,0.5451313843522426,3.4615384615384617,0.5833333333333334,True,True,True,True
12,3660,0,72,72,0.32,0.039,0.058,0.011,10.1,V79-379A,1.9475519869087983,0.48117450612329227,1.9530158994307267,0.555273079108453,0.40020128544738776,0.07753589683053264,12.897251993946279,0.25103109014690905,0.0527400012551027,0.0476581645245527,0.008318592368030795,0.13004433018235886,0.2887254483320005,0.34395099371645954,0.03850892046414911,-0.0003716999355931843,0.06896890985309095,1.2747425022642764,-0.013740001255102698,0.739476660445219,8.205128205128206,4.759785441275873,2.1318701646002216,1.0098420547696807,2.4615384615384617,0.8125,True,True,False,True
12,3660,1,73,73,0.32,0.039,0.058,0.011,10.1,V79-379A,2.953882636823165,0.35486182754178974,2.946810059700872,0.4137609751658168,0.28623455944367543,0.06376320786107068,15.683025267154566,0.25103109014690905,0.0527400012551027,0.0476581645245527,0.008318592368030795,0.4496032794810392,0.2887254483320005,0.34395099371645954,0.03850892046414911,-0.0003716999355931843,0.06896890985309095,1.2747425022642764,-0.013740001255102698,0.739476660445219,8.205128205128206,4.759785441275873,2.1318701646002216,1.0098420547696807,2.4615384615384617,0.8125,True,True,False,True
12,3660,2,74,74,0.32,0.039,0.058,0.011,10.1,V79-379A,3.9505058279422265,0.15690113904680686,3.9491190481143255,0.20264777053326422,0.1190146167179698,0.04181657690764721,23.91396125532994,0.25103109014690905,0.0527400012551027,0.0476581645245527,0.008318592368030795,0.07018287095916216,0.2887254483320005,0.34395099371645954,0.03850892046414911,-0.0003716999355931843,0.06896890985309095,1.2747425022642764,-0.013740001255102698,0.739476660445219,8.205128205128206,4.759785441275873,2.1318701646002216,1.0098420547696807,2.4615384615384617,0.8125,True,True,False,True
12,3660,3,75,75,0.32,0.039,0.058,0.011,10.1,V79-379A,4.952925758741913,0.07528858606839778,4.951483507720897,0.09824026021858258,0.055382105034448306,0.021429077592067136,46.66556438109084,0.25103109014690905,0.0527400012551027,0.0476581645245527,0.008318592368030795,0.08601170906764355,0.2887254483320005,0.34395099371645954,0.03850892046414911,-0.0003716999355931843,0.06896890985309095,1.2747425022642764,-0.013740001255102698,0.739476660445219,8.205128205128206,4.759785441275873,2.1318701646002216,1.0098420547696807,2.4615384615384617,0.8125,True,True,False,True
12,3660,4,76,76,0.32,0.039,0.058,0.011,10.1,V79-379A,5.963305805753749,0.026304368155117788,5.967882179185821,0.03575575501801047,0.019747669374349283,0.008004042821830593,124.9368628154455,0.25103109014690905,0.0527400012551027,0.0476581645245527,0.008318592368030795,0.4473099462483466,0.2887254483320005,0.34395099371645954,0.03850892046414911,-0.0003716999355931843,0.06896890985309095,1.2747425022642764,-0.013740001255102698,0.739476660445219,8.205128205128206,4.759785441275873,2.1318701646002216,1.0098420547696807,2.4615384615384617,0.8125,True,True,False,True
12,3660,5,77,77,0.32,0.039,0.058,0.011,10.1,V79-379A,7.99355147380026,0.005579479959958371,7.972555627205845,0.008489574629104463,0.004147265854094929,0.0021711543875047668,460.5844732899283,0.25103109014690905,0.0527400012551027,0.0476581645245527,0.008318592368030795,0.26227486127232963,0.2887254483320005,0.34395099371645954,0.03850892046414911,-0.0003716999355931843,0.06896890985309095,1.2747425022642764,-0.013740001255102698,0.739476660445219,8.205128205128206,4.759785441275873,2.1318701646002216,1.0098420547696807,2.4615384615384617,0.8125,True,True,False,True
13SC,0,0,83,83,0.57,0.031,0.05,0.012,0.0,SCC25,0.4370177303748415,0.8963999021857816,0.4355087623032339,1.0158384593124214,0.8420548375330384,0.0868918108896915,11.508564383236212,0.592746188588112,0.029925967259814,0.06793533930080219,0.016528357268176853,0.8281826792320058,0.5689492231747683,0.609946695613341,0.02699847413591144,-0.001080576151814202,-0.02274618858811206,0.9616257531030403,0.0010740327401859984,1.0358896583312198,18.387096774193548,19.80708537979588,0.0,0.0,0.0,0.0,True,True,True,True
13SC,0,1,84,84,0.57,0.031,0.05,0.012,0.0,SCC25,0.9408758873761096,0.6510407134377307,0.9119997256421692,0.7130992355002699,0.5910130976276453,0.061043068936312284,16.381876229770235,0.592746188588112,0.029925967259814,0.06793533930080219,0.016528357268176853,0.8254733839016613,0.5689492231747683,0.609946695613341,0.02699847413591144,-0.001080576151814202,-0.02274618858811206,0.9616257531030403,0.0010740327401859984,1.0358896583312198,18.387096774193548,19.80708537979588,0.0,0.0,0.0,0.0,True,True,True,True
13SC,0,2,85,85,0.57,0.031,0.05,0.012,0.0,SCC25,1.4202476079426596,0.359936764168962,1.432970952364622,0.39644761438832143,0.32487152711853906,0.03578804363489119,27.942292968064347,0.592746188588112,0.029925967259814,0.06793533930080219,0.016528357268176853,0.600744948096258,0.5689492231747683,0.609946695613341,0.02699847413591144,-0.001080576151814202,-0.02274618858811206,0.9616257531030403,0.0010740327401859984,1.0358896583312198,18.387096774193548,19.80708537979588,0.0,0.0,0.0,0.0,True,True,True,True
13SC,0,3,86,86,0.57,0.031,0.05,0.012,0.0,SCC25,1.9081587160053495,0.3100461320901577,1.895778318872389,0.27360284851080285,0.3434433716657333,0.03492026157746522,28.63666979646341,0.592746188588112,0.029925967259814,0.06793533930080219,0.016528357268176853,0.3034254849837352,0.5689492231747683,0.609946695613341,0.02699847413591144,-0.001080576151814202,-0.02274618858811206,0.9616257531030403,0.0010740327401859984,1.0358896583312198,18.387096774193548,19.80708537979588,0.0,0.0,0.0,0.0,True,True,True,True
13SC,0,4,87,87,0.57,0.031,0.05,0.012,0.0,SCC25,2.933742583764875,0.11759993411608301,2.9072670530539453,0.10556651483486221,0.12879962723835528,0.011616556201746536,86.08403236147139,0.592746188588112,0.029925967259814,0.06793533930080219,0.016528357268176853,0.723588798574603,0.5689492231747683,0.609946695613341,0.02699847413591144,-0.001080576151814202,-0.02274618858811206,0.9616257531030403,0.0010740327401859984,1.0358896583312198,18.387096774193548,19.80708537979588,0.0,0.0,0.0,0.0,True,True,True,True
13SC,0,5,88,88,0.57,0.031,0.05,0.012,0.0,SCC25,3.9413217188518113,0.06274197932648733,3.9402242875270064,0.06871724555110088,0.05695925755272511,0.005878993999187888,170.09712888601996,0.592746188588112,0.029925967259814,0.06793533930080219,0.016528357268176853,0.17237928231712263,0.5689492231747683,0.609946695613341,0.02699847413591144,-0.001080576151814202,-0.02274618858811206,0.9616257531030403,0.0010740327401859984,1.0358896583312198,18.387096774193548,19.80708537979588,0.0,0.0,0.0,0.0,True,True,True,True
13SC,0,6,89,89,0.57,0.031,0.05,0.012,0.0,SCC25,4.965945334202132,0.025769622861159584,4.9255804382866355,0.023133658256464965,0.028386974366379634,0.0026266580549573343,380.7119080889436,0.592746188588112,0.029925967259814,0.06793533930080219,0.016528357268176853,0.11228880528057887,0.5689492231747683,0.609946695613341,0.02699847413591144,-0.001080576151814202,-0.02274618858811206,0.9616257531030403,0.0010740327401859984,1.0358896583312198,18.387096774193548,19.80708537979588,0.0,0.0,0.0,0.0,True,True,True,True
13SC,880,0,78,78,0.81,0.0,0.03,0.0,29.5,SCC25,0.48314414074556744,0.6193712282333343,0.43976130868685503,0.714057164879012,0.5591200399187474,0.07746856248013234,12.908462064937128,0.8214240638377712,1.659783421814609e-06,0.0867011916153869,0.04285527669237499,0.33597711606313896,0.23578105785899503,0.8576009570983447,-0.008399951964009788,-0.0035983646760069624,-0.01142406383777117,0.9860923677054251,-1.659783421814609e-06,0.0,inf,494898.34218233376,1.3857939193069415,5.546298328152769e-05,1.4210526315789476,0.0,True,False,True,True
13SC,880,1,79,79,0.81,0.0,0.03,0.0,29.5,SCC25,1.0,0.4843285762677048,0.9751706162762783,0.37931315783357045,0.5908964335076985,0.10579163783706402,9.452542946165172,0.8214240638377712,1.659783421814609e-06,0.0867011916153869,0.04285527669237499,0.21756503526183593,0.23578105785899503,0.8576009570983447,-0.008399951964009788,-0.0035983646760069624,-0.01142406383777117,0.9860923677054251,-1.659783421814609e-06,0.0,inf,494898.34218233376,1.3857939193069415,5.546298328152769e-05,1.4210526315789476,0.0,True,False,True,True
13SC,880,2,80,80,0.81,0.0,0.03,0.0,29.5,SCC25,2.0966768407695735,0.1602410663076231,2.057683734010082,0.12838836540333798,0.1922081215111474,0.03190987805390472,31.33825827572014,0.8214240638377712,1.659783421814609e-06,0.0867011916153869,0.04285527669237499,0.26961550593348976,0.23578105785899503,0.8576009570983447,-0.008399951964009788,-0.0035983646760069624,-0.01142406383777117,0.9860923677054251,-1.659783421814609e-06,0.0,inf,494898.34218233376,1.3857939193069415,5.546298328152769e-05,1.4210526315789476,0.0,True,False,True,True
13SC,880,3,81,81,0.81,0.0,0.03,0.0,29.5,SCC25,3.148942007613429,0.06656222331979059,3.1534003223704508,0.04599689212096598,0.08844467625276113,0.021223892065897577,47.116711529399176,0.8214240638377712,1.659783421814609e-06,0.0867011916153869,0.04285527669237499,0.18808562756007063,0.23578105785899503,0.8576009570983447,-0.008399951964009788,-0.0035983646760069624,-0.01142406383777117,0.9860923677054251,-1.659783421814609e-06,0.0,inf,494898.34218233376,1.3857939193069415,5.546298328152769e-05,1.4210526315789476,0.0,True,False,True,True
13SC,880,4,82,82,0.81,0.0,0.03,0.0,29.5,SCC25,4.24081758633698,0.0327874005143694,4.229054494324221,0.027490225244051234,0.03844546864823461,0.005477621702091687,182.56098255528298,0.8214240638377712,1.659783421814609e-06,0.0867011916153869,0.04285527669237499,0.19629553802021096,0.23578105785899503,0.8576009570983447,-0.008399951964009788,-0.0035983646760069624,-0.01142406383777117,0.9860923677054251,-1.659783421814609e-06,0.0,inf,494898.34218233376,1.3857939193069415,5.546298328152769e-05,1.4210526315789476,0.0,True,False,True,True
13SC,1490,0,90,90,0.87,0.0,0.05,0.0,19.7,SCC25,0.4544737473850269,0.6669375781002073,0.456600020576837,0.5591641934323127,0.7221376363106401,0.08148672143916369,12.271938081919021,0.9083076173763431,1.4432899320127035e-06,0.04747357915015311,0.03422851179224769,0.030283596786602578,0.1382750705810342,0.9211727833002483,-0.010003608420962809,0.0014752337963802801,-0.03830761737634314,0.9578252822683628,-1.4432899320127035e-06,0.0,inf,629331.3611005972,1.5323719238750073,4.822868111437191e-05,1.5263157894736843,0.0,True,False,True,True
13SC,1490,1,91,91,0.87,0.0,0.05,0.0,19.7,SCC25,0.9324050893377684,0.41548646227570835,0.9755135635652801,0.3686818903730521,0.4707539703603262,0.05103603999363704,19.59399671535401,0.9083076173763431,1.4432899320127035e-06,0.04747357915015311,0.03422851179224769,0.12843349177306485,0.1382750705810342,0.9211727833002483,-0.010003608420962809,0.0014752337963802801,-0.03830761737634314,0.9578252822683628,-1.4432899320127035e-06,0.0,inf,629331.3611005972,1.5323719238750073,4.822868111437191e-05,1.5263157894736843,0.0,True,False,True,True
13SC,1490,2,92,92,0.87,0.0,0.05,0.0,19.7,SCC25,1.9579889570972941,0.15759325962350484,1.983229877567818,0.19447532302410722,0.12131631263544433,0.036579505194331445,27.33771259855547,0.9083076173763431,1.4432899320127035e-06,0.04747357915015311,0.03422851179224769,0.1467894135837254,0.1382750705810342,0.9211727833002483,-0.010003608420962809,0.0014752337963802801,-0.03830761737634314,0.9578252822683628,-1.4432899320127035e-06,0.0,inf,629331.3611005972,1.5323719238750073,4.822868111437191e-05,1.5263157894736843,0.0,True,False,True,True
13SC,1490,3,93,93,0.87,0.0,0.05,0.0,19.7,SCC25,3.010665660687952,0.06326686418001508,3.035220686580473,0.08264096447957732,0.04177070179923989,0.020435131340168715,48.93533510275662,0.9083076173763431,1.4432899320127035e-06,0.04747357915015311,0.03422851179224769,0.03776283944024673,0.1382750705810342,0.9211727833002483,-0.010003608420962809,0.0014752337963802801,-0.03830761737634314,0.9578252822683628,-1.4432899320127035e-06,0.0,inf,629331.3611005972,1.5323719238750073,4.822868111437191e-05,1.5263157894736843,0.0,True,False,True,True
13SC,1490,4,94,94,0.87,0.0,0.05,0.0,19.7,SCC25,4.0612846805446,0.030122540319496887,4.085359580232518,0.04094446545348319,0.018576913494624273,0.011183775979429458,89.41523881015857,0.9083076173763431,1.4432899320127035e-06,0.04747357915015311,0.03422851179224769,0.2359078118137839,0.1382750705810342,0.9211727833002483,-0.010003608420962809,0.0014752337963802801,-0.03830761737634314,0.9578252822683628,-1.4432899320127035e-06,0.0,inf,629331.3611005972,1.5323719238750073,4.822868111437191e-05,1.5263157894736843,0.0,True,False,True,True
13SC,5040,0,95,95,0.41,0.092,0.11,0.036,7.7,SCC25,0.4061364740727029,0.9036277119491921,0.42119999074438264,0.824543413914214,0.9792266337929446,0.07734160993936529,12.92965068588546,0.40843721653913834,0.09304677583976684,0.13954015594740915,0.03996646035227882,0.464663846793512,0.3232877380455597,0.4542613172824388,0.08648630130832123,-0.005358850657678345,0.0015627834608616387,1.003826251373721,-0.0010467758397668392,0.9887500041745728,4.456521739130435,4.3895902125883035,0.6890592034206289,3.1092320268863767,0.7192982456140351,2.967741935483871,False,True,True,True
13SC,5040,1,96,96,0.41,0.092,0.11,0.036,7.7,SCC25,0.8993451650970683,0.6062867997859428,0.9159779141945887,0.5127848468109781,0.7130429267502856,0.10012903996965372,9.987112632889236,0.40843721653913834,0.09304677583976684,0.13954015594740915,0.03996646035227882,0.17537285869990382,0.3232877380455597,0.4542613172824388,0.08648630130832123,-0.005358850657678345,0.0015627834608616387,1.003826251373721,-0.0010467758397668392,0.9887500041745728,4.456521739130435,4.3895902125883035,0.6890592034206289,3.1092320268863767,0.7192982456140351,2.967741935483871,False,True,True,True
13SC,5040,2,97,97,0.41,0.092,0.11,0.036,7.7,SCC25,2.9429159821366593,0.11342893005781532,2.904592064199732,0.13177280259454638,0.08361576054036547,0.024078521027090453,41.530789988094035,0.40843721653913834,0.09304677583976684,0.13954015594740915,0.03996646035227882,0.37095337574637977,0.3232877380455597,0.4542613172824388,0.08648630130832123,-0.005358850657678345,0.0015627834608616387,1.003826251373721,-0.0010467758397668392,0.9887500041745728,4.456521739130435,4.3895902125883035,0.6890592034206289,3.1092320268863767,0.7192982456140351,2.967741935483871,False,True,True,True
13SC,5040,3,98,98,0.41,0.092,0.11,0.036,7.7,SCC25,3.957447300830691,0.05019782678747212,3.9426935080078183,0.055998166265238,0.036557986625568,0.009720089819835,102.87970775325358,0.40843721653913834,0.09304677583976684,0.13954015594740915,0.03996646035227882,0.19189325175614183,0.3232877380455597,0.4542613172824388,0.08648630130832123,-0.005358850657678345,0.0015627834608616387,1.003826251373721,-0.0010467758397668392,0.9887500041745728,4.456521739130435,4.3895902125883035,0.6890592034206289,3.1092320268863767,0.7192982456140351,2.967741935483871,False,True,True,True
13SQ,0,0,105,105,0.13,0.017,0.02,0.002,0.0,SQ20B,0.7240694789081887,0.9886378213999885,0.7520382842963491,1.0894839674568633,0.8920151046763661,0.09873443139024857,10.128179054857698,0.09851672169347436,0.022472113059279764,0.04207040738322777,0.007597367750965758,0.3584790156833287,0.6420275737593714,0.14680428158640568,0.014609202108011872,-0.0003114012269410446,0.03148327830652564,1.3195729391451223,-0.005472113059279762,0.756493168005842,7.647058823529411,4.383954523261545,0.0,0.0,0.0,0.0,True,True,False,True
13SQ,0,1,106,106,0.13,0.017,0.02,0.002,0.0,SQ20B,1.9973768167316557,0.7303374540041525,1.9967741935483874,0.8048356331786173,0.6117873549236832,0.09652413912746705,10.360102758123833,0.09851672169347436,0.022472113059279764,0.04207040738322777,0.007597367750965758,0.10144182690577712,0.6420275737593714,0.14680428158640568,0.014609202108011872,-0.0003114012269410446,0.03148327830652564,1.3195729391451223,-0.005472113059279762,0.756493168005842,7.647058823529411,4.383954523261545,0.0,0.0,0.0,0.0,True,True,False,True
13SQ,0,2,107,107,0.13,0.017,0.02,0.002,0.0,SQ20B,2.7701524282169445,0.5878016072274913,2.726869904289259,0.6295169732093719,0.5488505380526223,0.040333217578374825,24.79345958593105,0.09851672169347436,0.022472113059279764,0.04207040738322777,0.007597367750965758,0.6272609873966658,0.6420275737593714,0.14680428158640568,0.014609202108011872,-0.0003114012269410446,0.03148327830652564,1.3195729391451223,-0.005472113059279762,0.756493168005842,7.647058823529411,4.383954523261545,0.0,0.0,0.0,0.0,True,True,False,True
13SQ,0,3,108,108,0.13,0.017,0.02,0.002,0.0,SQ20B,3.9272598369372567,0.5911696895449807,3.9266926621765332,0.6477603964340258,0.5303538877942963,0.058703254319864784,17.034830719114098,0.09851672169347436,0.022472113059279764,0.04207040738322777,0.007597367750965758,1.0393442579546754,0.6420275737593714,0.14680428158640568,0.014609202108011872,-0.0003114012269410446,0.03148327830652564,1.3195729391451223,-0.005472113059279762,0.756493168005842,7.647058823529411,4.383954523261545,0.0,0.0,0.0,0.0,True,True,False,True
13SQ,0,4,109,109,0.13,0.017,0.02,0.002,0.0,SQ20B,4.65845444877703,0.3873373081328903,4.643814250265864,0.4101127070551302,0.36167014067777864,0.02422128318867578,41.28600422241592,0.09851672169347436,0.022472113059279764,0.04207040738322777,0.007597367750965758,0.01473305151080864,0.6420275737593714,0.14680428158640568,0.014609202108011872,-0.0003114012269410446,0.03148327830652564,1.3195729391451223,-0.005472113059279762,0.756493168005842,7.647058823529411,4.383954523261545,0.0,0.0,0.0,0.0,True,True,False,True
13SQ,0,5,110,110,0.13,0.017,0.02,0.002,0.0,SQ20B,5.476497695852536,0.21137909527360968,5.434491315136477,0.18429293428345966,0.23832588580853856,0.027016475762539446,37.01445032244294,0.09851672169347436,0.022472113059279764,0.04207040738322777,0.007597367750965758,1.3246781217333707,0.6420275737593714,0.14680428158640568,0.014609202108011872,-0.0003114012269410446,0.03148327830652564,1.3195729391451223,-0.005472113059279762,0.756493168005842,7.647058823529411,4.383954523261545,0.0,0.0,0.0,0.0,True,True,False,True
13SQ,0,6,111,111,0.13,0.017,0.02,0.002,0.0,SQ20B,5.946437433534208,0.2687078765897047,5.9461183977313015,0.28288694346259696,0.2509017682698494,0.015992587596373786,62.52896812187812,0.09851672169347436,0.022472113059279764,0.04207040738322777,0.007597367750965758,0.5526456579736805,0.6420275737593714,0.14680428158640568,0.014609202108011872,-0.0003114012269410446,0.03148327830652564,1.3195729391451223,-0.005472113059279762,0.756493168005842,7.647058823529411,4.383954523261545,0.0,0.0,0.0,0.0,True,True,False,True
13SQ,0,7,112,112,0.13,0.017,0.02,0.002,0.0,SQ20B,6.706168025522864,0.17706754168856803,6.662389223679546,0.20542584725605567,0.15088985792944568,0.027267994663304998,36.673030501422126,0.09851672169347436,0.022472113059279764,0.04207040738322777,0.007597367750965758,0.194217766460785,0.6420275737593714,0.14680428158640568,0.014609202108011872,-0.0003114012269410446,0.03148327830652564,1.3195729391451223,-0.005472113059279762,0.756493168005842,7.647058823529411,4.383954523261545,0.0,0.0,0.0,0.0,True,True,False,True
13SQ,0,8,113,113,0.13,0.017,0.02,0.002,0.0,SQ20B,8.138638780574265,0.09444655126982493,8.137362637362637,0.11601553017399721,0.07345222616575957,0.02128165200411882,46.98883337658474,0.09851672169347436,0.022472113059279764,0.04207040738322777,0.007597367750965758,0.1519046462330349,0.6420275737593714,0.14680428158640568,0.014609202108011872,-0.0003114012269410446,0.03148327830652564,1.3195729391451223,-0.005472113059279762,0.756493168005842,7.647058823529411,4.383954523261545,0.0,0.0,0.0,0.0,True,True,False,True
13SQ,880,0,99,99,0.57,0.0,0.05,0.0,30.0,SQ20B,0.44044665012406964,0.705724566668373,0.43987947536334654,0.7732812306906234,0.640400427119728,0.06644040178544769,15.051082972514896,0.3832219713744911,1.7430501486614958e-06,0.1081839170877889,0.004650984564377279,0.9532275721209158,1.0481697390831792,0.5811661405538062,-0.0344511559776837,-0.0004789050383691714,0.18677802862550885,1.4873886222013772,-1.7430501486614958e-06,0.0,inf,219857.11178119044,3.889918023935578,7.75650311149405e-05,4.384615384615384,0.0,True,False,False,True
13SQ,880,1,100,100,0.57,0.0,0.05,0.0,30.0,SQ20B,0.9980857851825593,0.6514720404825848,0.9974477135767459,0.7220392294134795,0.5911696895449807,0.0654347699342494,15.282394986714657,0.3832219713744911,1.7430501486614958e-06,0.1081839170877889,0.004650984564377279,0.23006264370452675,1.0481697390831792,0.5811661405538062,-0.0344511559776837,-0.0004789050383691714,0.18677802862550885,1.4873886222013772,-1.7430501486614958e-06,0.0,inf,219857.11178119044,3.889918023935578,7.75650311149405e-05,4.384615384615384,0.0,True,False,False,True
13SQ,880,2,101,101,0.57,0.0,0.05,0.0,30.0,SQ20B,2.1167316554413333,0.32261522839500484,2.1161290322580646,0.355523642111995,0.2910850166741996,0.03221931271889769,31.037285268144995,0.3832219713744911,1.7430501486614958e-06,0.1081839170877889,0.004650984564377279,1.600504913972655,1.0481697390831792,0.5811661405538062,-0.0344511559776837,-0.0004789050383691714,0.18677802862550885,1.4873886222013772,-1.7430501486614958e-06,0.0,inf,219857.11178119044,3.889918023935578,7.75650311149405e-05,4.384615384615384,0.0,True,False,False,True
13SQ,880,3,102,102,0.57,0.0,0.05,0.0,30.0,SQ20B,3.190535271180433,0.2200046001806078,3.1898617511520744,0.24523257805867682,0.19624742645938695,0.024492575799644936,40.828698793472626,0.3832219713744911,1.7430501486614958e-06,0.1081839170877889,0.004650984564377279,1.3074615317515836,1.0481697390831792,0.5811661405538062,-0.0344511559776837,-0.0004789050383691714,0.18677802862550885,1.4873886222013772,-1.7430501486614958e-06,0.0,inf,219857.11178119044,3.889918023935578,7.75650311149405e-05,4.384615384615384,0.0,True,False,False,True
13SQ,880,4,103,103,0.57,0.0,0.05,0.0,30.0,SQ20B,5.3798298475717825,0.12354108590484206,5.379156327543424,0.13770757051326124,0.11210572497679988,0.01280092276823068,78.11936827568394,0.3832219713744911,1.7430501486614958e-06,0.1081839170877889,0.004650984564377279,0.14281739757818696,1.0481697390831792,0.5811661405538062,-0.0344511559776837,-0.0004789050383691714,0.18677802862550885,1.4873886222013772,-1.7430501486614958e-06,0.0,inf,219857.11178119044,3.889918023935578,7.75650311149405e-05,4.384615384615384,0.0,True,False,False,True
13SQ,880,5,104,104,0.57,0.0,0.05,0.0,30.0,SQ20B,7.567812832328963,0.08570427420249212,7.554448777029423,0.07387310481101542,0.09774047419025156,0.011933684689618071,83.79641544157509,0.3832219713744911,1.7430501486614958e-06,0.1081839170877889,0.004650984564377279,1.584085112701746,1.0481697390831792,0.5811661405538062,-0.0344511559776837,-0.0004789050383691714,0.18677802862550885,1.4873886222013772,-1.7430501486614958e-06,0.0,inf,219857.11178119044,3.889918023935578,7.75650311149405e-05,4.384615384615384,0.0,True,False,False,True
13SQ,1490,0,114,114,0.23,0.004,0.04,0.007,19.8,SQ20B,0.41045728465083314,0.8869330100525598,0.40971286777738397,1.0,0.8140854170831814,0.09295729145840931,10.757628415275171,0.25761981169198256,1.049160758270773e-06,0.030227823819067644,0.0016052007488055826,0.06923820537418901,0.2518076112524034,0.23586587689669058,0.0032981516680561777,-4.6553162538206296e-05,-0.02761981169198255,0.8927884796181531,0.003998950839241729,3812.5711131178805,57.5,245548.46305593016,2.6149856315107876,4.6687232104215786e-05,1.7692307692307692,0.23529411764705882,True,True,True,True
13SQ,1490,1,115,115,0.23,0.004,0.04,0.007,19.8,SQ20B,0.9965615030131159,0.8329051233152057,0.9400567174760726,0.7515026581801209,0.912636358751505,0.08056685028569205,12.41205280402517,0.25761981169198256,1.049160758270773e-06,0.030227823819067644,0.0016052007488055826,0.38043320809821773,0.2518076112524034,0.23586587689669058,0.0032981516680561777,-4.6553162538206296e-05,-0.02761981169198255,0.8927884796181531,0.003998950839241729,3812.5711131178805,57.5,245548.46305593016,2.6149856315107876,4.6687232104215786e-05,1.7692307692307692,0.23529411764705882,True,True,True,True
13SQ,1490,2,116,116,0.23,0.004,0.04,0.007,19.8,SQ20B,3.0865295994328257,0.4195935311883663,3.0871676710386393,0.3785853216848426,0.4597598234661329,0.04058725089064516,24.638278721914794,0.25761981169198256,1.049160758270773e-06,0.030227823819067644,0.0016052007488055826,0.37732617386672945,0.2518076112524034,0.23586587689669058,0.0032981516680561777,-4.6553162538206296e-05,-0.02761981169198255,0.8927884796181531,0.003998950839241729,3812.5711131178805,57.5,245548.46305593016,2.6149856315107876,4.6687232104215786e-05,1.7692307692307692,0.23529411764705882,True,True,True,True
13SQ,1490,3,117,117,0.23,0.004,0.04,0.007,19.8,SQ20B,5.117688762850053,0.2764950399626511,5.13144275079759,0.3012369131206531,0.24663775201478025,0.027299580552936423,36.630599435801116,0.25761981169198256,1.049160758270773e-06,0.030227823819067644,0.0016052007488055826,0.16444028091401422,0.2518076112524034,0.23586587689669058,0.0032981516680561777,-4.6553162538206296e-05,-0.02761981169198255,0.8927884796181531,0.003998950839241729,3812.5711131178805,57.5,245548.46305593016,2.6149856315107876,4.6687232104215786e-05,1.7692307692307692,0.23529411764705882,True,True,True,True
13SQ,1490,4,118,118,0.23,0.004,0.04,0.007,19.8,SQ20B,7.206947890818859,0.15615230060004973,7.220382842963489,0.17910253669824866,0.13080529065788424,0.02414862302018221,41.410228614867606,0.25761981169198256,1.049160758270773e-06,0.030227823819067644,0.0016052007488055826,0.0007341159870379336,0.2518076112524034,0.23586587689669058,0.0032981516680561777,-4.6553162538206296e-05,-0.02761981169198255,0.8927884796181531,0.003998950839241729,3812.5711131178805,57.5,245548.46305593016,2.6149856315107876,4.6687232104215786e-05,1.7692307692307692,0.23529411764705882,True,True,True,True
13SQ,5040,0,119,119,0.15,0.011,0.05,0.012,7.7,SQ20B,0.9247075505140023,0.8920151046763661,0.9384969868840838,0.9662992946605208,0.7515026581801209,0.10739831824019996,9.311132766189749,0.15068321145239882,0.0120666476810527,0.016493242994416953,0.0037176129234723927,0.14074720587230113,0.10856044870218023,0.15938685001115815,0.01060895071868072,-5.8111582267613526e-05,-0.0006832114523988297,0.9954659086051225,-0.0010666476810527008,0.9116036442559292,13.636363636363637,12.487578608017596,1.529519140123599,0.5369609724382296,1.1538461538461537,0.6470588235294117,True,True,True,True
13SQ,5040,1,120,120,0.15,0.011,0.05,0.012,7.7,SQ20B,1.9405175469691605,0.6977059980994712,1.8686990428925916,0.7429639507594948,0.6152928747229588,0.06383553801826802,15.665255295785661,0.15068321145239882,0.0120666476810527,0.016493242994416953,0.0037176129234723927,0.11729453996814497,0.10856044870218023,0.15938685001115815,0.01060895071868072,-5.8111582267613526e-05,-0.0006832114523988297,0.9954659086051225,-0.0010666476810527008,0.9116036442559292,13.636363636363637,12.487578608017596,1.529519140123599,0.5369609724382296,1.1538461538461537,0.6470588235294117,True,True,True,True
13SQ,5040,2,121,121,0.15,0.011,0.05,0.012,7.7,SQ20B,2.9271889400921665,0.5979638617384051,2.8979439914923786,0.6665325146821945,0.5243279121999669,0.07110230124111383,14.064242402069613,0.15068321145239882,0.0120666476810527,0.016493242994416953,0.0037176129234723927,0.12603805089267328,0.10856044870218023,0.15938685001115815,0.01060895071868072,-5.8111582267613526e-05,-0.0006832114523988297,0.9954659086051225,-0.0010666476810527008,0.9116036442559292,13.636363636363637,12.487578608017596,1.529519140123599,0.5369609724382296,1.1538461538461537,0.6470588235294117,True,True,True,True
13SQ,5040,3,122,122,0.15,0.011,0.05,0.012,7.7,SQ20B,4.901914214817441,0.35148411899379195,4.902764976958526,0.3064448712847234,0.38513052391932473,0.039342826317300655,25.41759435214391,0.15068321145239882,0.0120666476810527,0.016493242994416953,0.0037176129234723927,0.07441860034642882,0.10856044870218023,0.15938685001115815,0.01060895071868072,-5.8111582267613526e-05,-0.0006832114523988297,0.9954659086051225,-0.0010666476810527008,0.9116036442559292,13.636363636363637,12.487578608017596,1.529519140123599,0.5369609724382296,1.1538461538461537,0.6470588235294117,True,True,True,True
13SQ,5040,4,123,123,0.15,0.011,0.05,0.012,7.7,SQ20B,6.933498759305212,0.21626567399515678,6.916979794399149,0.30996676907502235,0.12213739002235191,0.09391468952633522,10.647961517453385,0.15068321145239882,0.0120666476810527,0.016493242994416953,0.0037176129234723927,0.10050164644380366,0.10856044870218023,0.15938685001115815,0.01060895071868072,-5.8111582267613526e-05,-0.0006832114523988297,0.9954659086051225,-0.0010666476810527008,0.9116036442559292,13.636363636363637,12.487578608017596,1.529519140123599,0.5369609724382296,1.1538461538461537,0.6470588235294117,True,True,True,True
16,0,0,129,129,0.23,0.03,0.042,0.008,0.0,CI-1,0.26263105049362134,0.8910015144718354,0.2583395768668164,0.9858769762923943,0.7910657206016776,0.09740562784535839,10.266347254468752,0.28125068297691236,0.019192375466658973,0.029147125435148014,0.009570536833334127,0.18269406238535757,0.5130417018787289,0.29377706058833586,0.017628973915720252,-0.00025971754207367243,-0.05125068297691235,0.8177757919218298,0.010807624533341026,1.5631207326115546,7.666666666666667,14.654292454079044,0.0,0.0,0.0,0.0,True,True,True,True
16,0,1,130,130,0.23,0.03,0.042,0.008,0.0,CI-1,0.49161837484646,0.8428204806990587,0.49161837484646,0.8428204806990587,0.8132624685825675,0.014779006058245614,67.66354895984853,0.28125068297691236,0.019192375466658973,0.029147125435148014,0.009570536833334127,0.7869648967752827,0.5130417018787289,0.29377706058833586,0.017628973915720252,-0.00025971754207367243,-0.05125068297691235,0.8177757919218298,0.010807624533341026,1.5631207326115546,7.666666666666667,14.654292454079044,0.0,0.0,0.0,0.0,True,True,True,True
16,0,2,131,131,0.23,0.03,0.042,0.008,0.0,CI-1,0.9772480543110962,0.7450290523545618,0.985239777169564,0.7231399186537578,0.762892896168706,0.01987648875747411,50.31069683391501,0.28125068297691236,0.019192375466658973,0.029147125435148014,0.009570536833334127,0.02151548634745202,0.5130417018787289,0.29377706058833586,0.017628973915720252,-0.00025971754207367243,-0.05125068297691235,0.8177757919218298,0.010807624533341026,1.5631207326115546,7.666666666666667,14.654292454079044,0.0,0.0,0.0,0.0,True,True,True,True
16,0,3,132,132,0.23,0.03,0.042,0.008,0.0,CI-1,1.99592768714036,0.5682373119700909,1.9918808580908547,0.5854169992744863,0.5418037295186117,0.021806634877937325,45.857602770785206,0.28125068297691236,0.019192375466658973,0.029147125435148014,0.009570536833334127,0.9376970952986017,0.5130417018787289,0.29377706058833586,0.017628973915720252,-0.00025971754207367243,-0.05125068297691235,0.8177757919218298,0.010807624533341026,1.5631207326115546,7.666666666666667,14.654292454079044,0.0,0.0,0.0,0.0,True,True,True,True
16,0,4,133,133,0.23,0.03,0.042,0.008,0.0,CI-1,2.983720942085493,0.35623343856020234,2.999378195032696,0.36912874989805217,0.3375994313221128,0.01576465928796969,63.43302330441857,0.28125068297691236,0.019192375466658973,0.029147125435148014,0.009570536833334127,0.24789737473195447,0.5130417018787289,0.29377706058833586,0.017628973915720252,-0.00025971754207367243,-0.05125068297691235,0.8177757919218298,0.010807624533341026,1.5631207326115546,7.666666666666667,14.654292454079044,0.0,0.0,0.0,0.0,True,True,True,True
16,0,5,134,134,0.23,0.03,0.042,0.008,0.0,CI-1,3.9989449702603936,0.23555325600867885,4.006692048541561,0.24555395849838077,0.21930565526957874,0.013124151614401017,76.1954013776181,0.28125068297691236,0.019192375466658973,0.029147125435148014,0.009570536833334127,0.12557427940309554,0.5130417018787289,0.29377706058833586,0.017628973915720252,-0.00025971754207367243,-0.05125068297691235,0.8177757919218298,0.010807624533341026,1.5631207326115546,7.666666666666667,14.654292454079044,0.0,0.0,0.0,0.0,True,True,True,True
16,880,0,124,124,0.539,0.0,0.027,0.0,27.6,CI-1,0.488931216931217,0.7464760408417119,0.5007830687830686,0.7789945002450993,0.7109709432312434,0.03401177850692794,29.40157921457438,0.5444436661062844,4.624078897563777e-06,0.02305273583295355,0.002168829416850031,0.28663723181448164,0.13091674567773068,0.5637937622982754,-0.004626360353760505,-4.646938818960997e-05,-0.005443666106284328,0.9900014153067186,-4.624078897563777e-06,0.0,inf,117740.99840578578,1.935795000899526,0.00024093311980045068,2.3434782608695652,0.0,True,False,True,True
16,880,1,125,125,0.539,0.0,0.027,0.0,27.6,CI-1,0.9897777777777776,0.585053749759074,0.994031746031746,0.5438131880074427,0.6294218265675243,0.0428043192800408,23.362128327696343,0.5444436661062844,4.624078897563777e-06,0.02305273583295355,0.002168829416850031,0.019411285992523817,0.13091674567773068,0.5637937622982754,-0.004626360353760505,-4.646938818960997e-05,-0.005443666106284328,0.9900014153067186,-4.624078897563777e-06,0.0,inf,117740.99840578578,1.935795000899526,0.00024093311980045068,2.3434782608695652,0.0,True,False,True,True
16,880,2,126,126,0.539,0.0,0.027,0.0,27.6,CI-1,1.9756402116402112,0.34228789010715316,1.9879576719576717,0.3123985394114416,0.36824559981353566,0.027923530201047042,35.81209083522338,0.5444436661062844,4.624078897563777e-06,0.02305273583295355,0.002168829416850031,0.021547782796184023,0.13091674567773068,0.5637937622982754,-0.004626360353760505,-4.646938818960997e-05,-0.005443666106284328,0.9900014153067186,-4.624078897563777e-06,0.0,inf,117740.99840578578,1.935795000899526,0.00024093311980045068,2.3434782608695652,0.0,True,False,True,True
16,880,3,127,127,0.539,0.0,0.027,0.0,27.6,CI-1,2.989502645502645,0.2002568136043118,2.9972063492063477,0.21808426836486325,0.17301957388458944,0.022532347240136905,44.38064038968379,0.5444436661062844,4.624078897563777e-06,0.02305273583295355,0.002168829416850031,0.08421937364634702,0.13091674567773068,0.5637937622982754,-0.004626360353760505,-4.646938818960997e-05,-0.005443666106284328,0.9900014153067186,-4.624078897563777e-06,0.0,inf,117740.99840578578,1.935795000899526,0.00024093311980045068,2.3434782608695652,0.0,True,False,True,True
16,880,4,128,128,0.539,0.0,0.027,0.0,27.6,CI-1,3.975407407407406,0.11574228805920578,3.988867724867725,0.07602429140842629,0.15695212344913048,0.0404639160203521,24.713376715615734,0.5444436661062844,4.624078897563777e-06,0.02305273583295355,0.002168829416850031,0.011092762442799792,0.13091674567773068,0.5637937622982754,-0.004626360353760505,-4.646938818960997e-05,-0.005443666106284328,0.9900014153067186,-4.624078897563777e-06,0.0,inf,117740.99840578578,1.935795000899526,0.00024093311980045068,2.3434782608695652,0.0,True,False,True,True
16,5040,0,135,135,0.194,0.023,0.072,0.021,7.7,CI-1,0.532934131736527,0.9466658416549784,0.5209580838323356,0.9985006387012983,0.91363460854339,0.042433015078954195,23.566555384747502,0.17525201405346036,0.03036397799860424,0.029548475692381865,0.010884900566227576,0.5315294684083611,0.3028427649656927,0.20431710619114885,0.022708757416869736,-0.0002993855679359478,0.018747985946539647,1.1069772923740586,-0.007363977998604242,0.7574765072302863,8.434782608695652,5.771707977838617,0.6231167590368009,1.5820854511393128,0.8434782608695652,0.7666666666666667,True,True,True,True
16,5040,1,136,136,0.194,0.023,0.072,0.021,7.7,CI-1,1.0,0.8201621198468974,1.031936127744511,0.7867990002214839,0.8446987785601587,0.02894988916933744,34.54244657555235,0.17525201405346036,0.03036397799860424,0.029548475692381865,0.010884900566227576,0.10368995478975596,0.3028427649656927,0.20431710619114885,0.022708757416869736,-0.0002993855679359478,0.018747985946539647,1.1069772923740586,-0.007363977998604242,0.7574765072302863,8.434782608695652,5.771707977838617,0.6231167590368009,1.5820854511393128,0.8434782608695652,0.7666666666666667,True,True,True,True
16,5040,2,137,137,0.194,0.023,0.072,0.021,7.7,CI-1,1.9900199600798403,0.6011060446987765,2.0019960079840318,0.569901047303078,0.6264840751562836,0.028291513926602785,35.3462880280751,0.17525201405346036,0.03036397799860424,0.029548475692381865,0.010884900566227576,0.4223732043666121,0.3028427649656927,0.20431710619114885,0.022708757416869736,-0.0002993855679359478,0.018747985946539647,1.1069772923740586,-0.007363977998604242,0.7574765072302863,8.434782608695652,5.771707977838617,0.6231167590368009,1.5820854511393128,0.8434782608695652,0.7666666666666667,True,True,True,True
16,5040,3,138,138,0.194,0.023,0.072,0.021,7.7,CI-1,2.9999999999999996,0.4564581779638525,3.0079840319361275,0.42264107952580066,0.4842755464568733,0.03081723346553633,32.449376129701086,0.17525201405346036,0.03036397799860424,0.029548475692381865,0.010884900566227576,0.10852541862324704,0.3028427649656927,0.20431710619114885,0.022708757416869736,-0.0002993855679359478,0.018747985946539647,1.1069772923740586,-0.007363977998604242,0.7574765072302863,8.434782608695652,5.771707977838617,0.6231167590368009,1.5820854511393128,0.8434782608695652,0.7666666666666667,True,True,True,True
16,5040,4,139,139,0.194,0.023,0.072,0.021,7.7,CI-1,3.9900199600798403,0.3153155869621332,4.005988023952096,0.3591535678802461,0.2800986614890343,0.03952745319560591,25.29887253427108,0.17525201405346036,0.03036397799860424,0.029548475692381865,0.010884900566227576,0.1145584218428362,0.3028427649656927,0.20431710619114885,0.022708757416869736,-0.0002993855679359478,0.018747985946539647,1.1069772923740586,-0.007363977998604242,0.7574765072302863,8.434782608695652,5.771707977838617,0.6231167590368009,1.5820854511393128,0.8434782608695652,0.7666666666666667,True,True,True,True
17D,0,0,140,140,0.37,0.12,0.09,0.02,0.0,DLD1 (p53 mt),0.4589994475039656,0.9299385654039765,0.4586073535439945,1.0072901198514397,0.8279060810799925,0.08969201938572358,11.149263968508347,0.36977526392728,0.11841229663467345,0.08457171019102765,0.023698715346860598,0.6222594591478262,0.543210444187404,0.40293718503690945,0.11729638009593069,-0.0018309631803554256,0.00022473607271999985,1.000607763943789,0.0015877033653265427,1.0134082642635076,3.0833333333333335,3.12277756986771,0.0,0.0,0.0,0.0,True,True,True,True
17D,0,1,141,141,0.37,0.12,0.09,0.02,0.0,DLD1 (p53 mt),0.9586697321285358,0.559286156029248,0.9749772763727746,0.637406376531269,0.4871886487310978,0.07510886390008559,13.314007802464717,0.36977526392728,0.11841229663467345,0.08457171019102765,0.023698715346860598,0.43822328766737717,0.543210444187404,0.40293718503690945,0.11729638009593069,-0.0018309631803554256,0.00022473607271999985,1.000607763943789,0.0015877033653265427,1.0134082642635076,3.0833333333333335,3.12277756986771,0.0,0.0,0.0,0.0,True,True,True,True
17D,0,2,142,142,0.37,0.12,0.09,0.02,0.0,DLD1 (p53 mt),1.4676433370760489,0.5052077819167381,1.4681067208469234,0.4596852490807306,0.5552384015359294,0.0477765762275994,20.930758940033122,0.36977526392728,0.11841229663467345,0.08457171019102765,0.023698715346860598,0.6087725287702199,0.543210444187404,0.40293718503690945,0.11729638009593069,-0.0018309631803554256,0.00022473607271999985,1.000607763943789,0.0015877033653265427,1.0134082642635076,3.0833333333333335,3.12277756986771,0.0,0.0,0.0,0.0,True,True,True,True
17D,0,3,143,143,0.37,0.12,0.09,0.02,0.0,DLD1 (p53 mt),1.9680621647151086,0.2608577749204155,1.9788269261615785,0.2908857172198179,0.2223326040111353,0.034276556604341285,29.174459136695933,0.36977526392728,0.11841229663467345,0.08457171019102765,0.023698715346860598,0.5856487061733789,0.543210444187404,0.40293718503690945,0.11729638009593069,-0.0018309631803554256,0.00022473607271999985,1.000607763943789,0.0015877033653265427,1.0134082642635076,3.0833333333333335,3.12277756986771,0.0,0.0,0.0,0.0,True,True,True,True
17D,0,4,144,144,0.37,0.12,0.09,0.02,0.0,DLD1 (p53 mt),2.9714840756384904,0.12988669576627287,2.972909871856566,0.09713633279930083,0.16034200820175276,0.03160283770122597,31.64272808201673,0.36977526392728,0.11841229663467345,0.08457171019102765,0.023698715346860598,0.20597962471146483,0.543210444187404,0.40293718503690945,0.11729638009593069,-0.0018309631803554256,0.00022473607271999985,1.000607763943789,0.0015877033653265427,1.0134082642635076,3.0833333333333335,3.12277756986771,0.0,0.0,0.0,0.0,True,True,True,True
17D,0,5,145,145,0.37,0.12,0.09,0.02,0.0,DLD1 (p53 mt),3.985082607068385,0.025709559594170938,3.99762961378745,0.019938135474276003,0.030828968254017413,0.005445416389870705,183.64068574446404,0.36977526392728,0.11841229663467345,0.08457171019102765,0.023698715346860598,0.7039951651013099,0.543210444187404,0.40293718503690945,0.11729638009593069,-0.0018309631803554256,0.00022473607271999985,1.000607763943789,0.0015877033653265427,1.0134082642635076,3.0833333333333335,3.12277756986771,0.0,0.0,0.0,0.0,True,True,True,True
17D,0,6,146,146,0.37,0.12,0.09,0.02,0.0,DLD1 (p53 mt),4.989431285533517,0.010598309380285064,4.982712220855835,0.01317873778632789,0.00798377339690494,0.0025974821947114743,384.98820205043944,0.36977526392728,0.11841229663467345,0.08457171019102765,0.023698715346860598,0.49025660310987645,0.543210444187404,0.40293718503690945,0.11729638009593069,-0.0018309631803554256,0.00022473607271999985,1.000607763943789,0.0015877033653265427,1.0134082642635076,3.0833333333333335,3.12277756986771,0.0,0.0,0.0,0.0,True,True,True,True
17D,5010,0,147,147,0.47,0.0,0.05,0.0,7.7,DLD1 (p53 mt),0.7037908356948088,0.637406376531269,0.7146625318576343,0.6954586182909185,0.5841999482890399,0.055629335000939306,17.976127163539072,0.4314057044703714,2.525757381022231e-06,0.13943922159310398,0.010023380093668776,0.8415359515093559,0.5064035108357787,0.4952036078170581,-0.004676872591782629,0.0012530014285746642,0.038594295529628564,1.0894617181221793,-2.525757381022231e-06,0.0,inf,170802.51163940845,1.166669992709982,2.133019502877068e-05,1.2702702702702702,0.0,True,False,True,True
17D,5010,1,148,148,0.47,0.0,0.05,0.0,7.7,DLD1 (p53 mt),0.9753337254272936,0.5927487713708349,0.9524496961271811,0.6282134863771959,0.494317868063723,0.06694780915673643,14.937008583190925,0.4314057044703714,2.525757381022231e-06,0.13943922159310398,0.010023380093668776,0.42630308149672075,0.5064035108357787,0.4952036078170581,-0.004676872591782629,0.0012530014285746642,0.038594295529628564,1.0894617181221793,-2.525757381022231e-06,0.0,inf,170802.51163940845,1.166669992709982,2.133019502877068e-05,1.2702702702702702,0.0,True,False,True,True
17D,5010,2,149,149,0.47,0.0,0.05,0.0,7.7,DLD1 (p53 mt),1.9768664563617249,0.43373450669012925,1.970147391684044,0.5393382215454582,0.33151618183105386,0.10391101985720216,9.623618374396015,0.4314057044703714,2.525757381022231e-06,0.13943922159310398,0.010023380093668776,0.036121517386842585,0.5064035108357787,0.4952036078170581,-0.004676872591782629,0.0012530014285746642,0.038594295529628564,1.0894617181221793,-2.525757381022231e-06,0.0,inf,170802.51163940845,1.166669992709982,2.133019502877068e-05,1.2702702702702702,0.0,True,False,True,True
17D,5010,3,150,150,0.47,0.0,0.05,0.0,7.7,DLD1 (p53 mt),2.9776149993762147,0.3723727722086716,2.9764743624017544,0.46981219994657647,0.27646514028593266,0.0966735298303219,10.344093173748451,0.4314057044703714,2.525757381022231e-06,0.13943922159310398,0.010023380093668776,0.5597494044948582,0.5064035108357787,0.4952036078170581,-0.004676872591782629,0.0012530014285746642,0.038594295529628564,1.0894617181221793,-2.525757381022231e-06,0.0,inf,170802.51163940845,1.166669992709982,2.133019502877068e-05,1.2702702702702702,0.0,True,False,True,True
17D,5010,4,151,151,0.47,0.0,0.05,0.0,7.7,DLD1 (p53 mt),3.980110142757847,0.22395343534125925,3.973034629025647,0.2994612920181312,0.15019523385448647,0.07463302908182237,13.398893389462604,0.4314057044703714,2.525757381022231e-06,0.13943922159310398,0.010023380093668776,0.32007383572888853,0.5064035108357787,0.4952036078170581,-0.004676872591782629,0.0012530014285746642,0.038594295529628564,1.0894617181221793,-2.525757381022231e-06,0.0,inf,170802.51163940845,1.166669992709982,2.133019502877068e-05,1.2702702702702702,0.0,True,False,True,True
17H,0,0,152,152,1.39,0.02,0.06,0.01,0.0,HCT116 (p53 wt),0.4526386254602255,0.5667526781327293,0.446762616683402,0.6159981131707108,0.5053690751356406,0.055314519017535146,18.07843614590578,1.3482700962072243,0.03071825016576213,0.11885448598370592,0.026531263242489604,0.24622006282247175,0.8060628103346893,1.4345959716893635,0.013319883956147747,-0.003009017982134362,0.041729903792775636,1.0309507003901999,-0.010718250165762128,0.6510787526006787,69.5,43.89150062036983,0.0,0.0,0.0,0.0,True,True,True,True
17H,0,1,153,153,1.39,0.02,0.06,0.01,0.0,HCT116 (p53 wt),0.9492977301746681,0.27117539149907943,0.9483555853074985,0.3305376955582956,0.21563419371710763,0.057451750920593986,17.405909897892126,1.3482700962072243,0.03071825016576213,0.11885448598370592,0.026531263242489604,0.006092944626868234,0.8060628103346893,1.4345959716893635,0.013319883956147747,-0.003009017982134362,0.041729903792775636,1.0309507003901999,-0.010718250165762128,0.6510787526006787,69.5,43.89150062036983,0.0,0.0,0.0,0.0,True,True,True,True
17H,0,2,154,154,1.39,0.02,0.06,0.01,0.0,HCT116 (p53 wt),1.4636344477915382,0.1000057090280289,1.4468493931843251,0.10756253430811666,0.08917178872906364,0.009195372789526507,108.75034899498539,1.3482700962072243,0.03071825016576213,0.11885448598370592,0.026531263242489604,1.404465290108903,0.8060628103346893,1.4345959716893635,0.013319883956147747,-0.003009017982134362,0.041729903792775636,1.0309507003901999,-0.010718250165762128,0.6510787526006787,69.5,43.89150062036983,0.0,0.0,0.0,0.0,True,True,True,True
17H,0,3,155,155,1.39,0.02,0.06,0.01,0.0,HCT116 (p53 wt),1.9746984516592907,0.07335579705952705,1.9468555915058199,0.08055554298443829,0.06405826613539176,0.008248638424523266,121.23212929627176,1.3482700962072243,0.03071825016576213,0.11885448598370592,0.026531263242489604,0.7408861757908936,0.8060628103346893,1.4345959716893635,0.013319883956147747,-0.003009017982134362,0.041729903792775636,1.0309507003901999,-0.010718250165762128,0.6510787526006787,69.5,43.89150062036983,0.0,0.0,0.0,0.0,True,True,True,True
17H,0,4,156,156,1.39,0.02,0.06,0.01,0.0,HCT116 (p53 wt),2.982074454237792,0.027693267776717177,2.975553820025537,0.034465301096028134,0.0202590262746377,0.007103137410695216,140.78286004918007,1.3482700962072243,0.03071825016576213,0.11885448598370592,0.026531263242489604,1.3310297667990434,0.8060628103346893,1.4345959716893635,0.013319883956147747,-0.003009017982134362,0.041729903792775636,1.0309507003901999,-0.010718250165762128,0.6510787526006787,69.5,43.89150062036983,0.0,0.0,0.0,0.0,True,True,True,True
17H,0,5,157,157,1.39,0.02,0.06,0.01,0.0,HCT116 (p53 wt),3.985756257205548,0.007184717296907527,3.9834752748955573,0.011602439701469614,0.002698395827197706,0.004452021937135954,224.61704235071974,1.3482700962072243,0.03071825016576213,0.11885448598370592,0.026531263242489604,0.6349249039703474,0.8060628103346893,1.4345959716893635,0.013319883956147747,-0.003009017982134362,0.041729903792775636,1.0309507003901999,-0.010718250165762128,0.6510787526006787,69.5,43.89150062036983,0.0,0.0,0.0,0.0,True,True,True,True
17H,0,6,158,158,1.39,0.02,0.06,0.01,0.0,HCT116 (p53 wt),5.000966938153148,0.000522919753504975,5.005950388634758,0.0005803569522569571,0.0004711939412422812,5.4581505507337946e-05,18321.224207814492,1.3482700962072243,0.03071825016576213,0.11885448598370592,0.026531263242489604,0.2167983942425802,0.8060628103346893,1.4345959716893635,0.013319883956147747,-0.003009017982134362,0.041729903792775636,1.0309507003901999,-0.010718250165762128,0.6510787526006787,69.5,43.89150062036983,0.0,0.0,0.0,0.0,True,True,True,True
17H,5010,0,159,159,0.32,0.06,0.08,0.03,7.7,HCT116 (p53 wt),0.19268102197924786,0.9430286749487417,0.1814248701451644,1.003803610708049,0.7900026028822613,0.10690050391289385,9.354492854541022,0.32727021836342507,0.05901702460064939,0.07308762377638414,0.024900135393279486,0.02751904579149136,0.3398545463140264,0.3411930097461613,0.05647332139905081,-0.0017297617982093354,-0.007270218363425063,0.9777852735889592,0.0009829753993506052,1.01665579391713,5.333333333333334,5.54535272792834,0.24273342506376022,1.921236537959719,0.2302158273381295,3.0,True,True,True,True
17H,5010,1,160,160,0.32,0.06,0.08,0.03,7.7,HCT116 (p53 wt),0.4502088834343658,0.9442946754951096,0.45519233391597536,1.048015448316009,0.8420684889461642,0.10297347968492238,9.711238301937488,0.32727021836342507,0.05901702460064939,0.07308762377638414,0.024900135393279486,0.46612710222416887,0.3398545463140264,0.3411930097461613,0.05647332139905081,-0.0017297617982093354,-0.007270218363425063,0.9777852735889592,0.0009829753993506052,1.01665579391713,5.333333333333334,5.54535272792834,0.24273342506376022,1.921236537959719,0.2302158273381295,3.0,True,True,True,True
17H,5010,2,161,161,0.32,0.06,0.08,0.03,7.7,HCT116 (p53 wt),0.7027532944078743,0.8519812547489741,0.6978690170701778,0.7518312038293543,0.9260367819081581,0.08710278903940188,11.480688632687057,0.32727021836342507,0.05901702460064939,0.07308762377638414,0.024900135393279486,0.47478282720913084,0.3398545463140264,0.3411930097461613,0.05647332139905081,-0.0017297617982093354,-0.007270218363425063,0.9777852735889592,0.0009829753993506052,1.01665579391713,5.333333333333334,5.54535272792834,0.24273342506376022,1.921236537959719,0.2302158273381295,3.0,True,True,True,True
17H,5010,3,162,162,0.32,0.06,0.08,0.03,7.7,HCT116 (p53 wt),0.9500663220399914,0.729652824740121,0.9440911401192553,0.809751233751805,0.6306584451217976,0.08954639431500372,11.16739548978632,0.32727021836342507,0.05901702460064939,0.07308762377638414,0.024900135393279486,0.19607838442591674,0.3398545463140264,0.3411930097461613,0.05647332139905081,-0.0017297617982093354,-0.007270218363425063,0.9777852735889592,0.0009829753993506052,1.01665579391713,5.333333333333334,5.54535272792834,0.24273342506376022,1.921236537959719,0.2302158273381295,3.0,True,True,True,True
17H,5010,4,163,163,0.32,0.06,0.08,0.03,7.7,HCT116 (p53 wt),1.9615332168048891,0.3687755512048883,1.9565993528952361,0.3288343689156853,0.41355630122589904,0.04236096615510687,23.606638156893027,0.32727021836342507,0.05901702460064939,0.07308762377638414,0.024900135393279486,0.5607281727270611,0.3398545463140264,0.3411930097461613,0.05647332139905081,-0.0017297617982093354,-0.007270218363425063,0.9777852735889592,0.0009829753993506052,1.01665579391713,5.333333333333334,5.54535272792834,0.24273342506376022,1.921236537959719,0.2302158273381295,3.0,True,True,True,True
17H,5010,5,164,164,0.32,0.06,0.08,0.03,7.7,HCT116 (p53 wt),2.966727410217313,0.2201871508841656,2.9662811310697057,0.24183265515608227,0.19229584524602797,0.02476840495502715,40.374016890297725,0.32727021836342507,0.05901702460064939,0.07308762377638414,0.024900135393279486,0.09999182497493955,0.3398545463140264,0.3411930097461613,0.05647332139905081,-0.0017297617982093354,-0.007270218363425063,0.9777852735889592,0.0009829753993506052,1.01665579391713,5.333333333333334,5.54535272792834,0.24273342506376022,1.921236537959719,0.2302158273381295,3.0,True,True,True,True
17H,5010,6,165,165,0.32,0.06,0.08,0.03,7.7,HCT116 (p53 wt),3.972219123061474,0.1235017680240812,3.971425737910173,0.14590479675498227,0.09321896103933319,0.02634291785782454,37.96086695472019,0.32727021836342507,0.05901702460064939,0.07308762377638414,0.024900135393279486,0.31180759652865725,0.3398545463140264,0.3411930097461613,0.05647332139905081,-0.0017297617982093354,-0.007270218363425063,0.9777852735889592,0.0009829753993506052,1.01665579391713,5.333333333333334,5.54535272792834,0.24273342506376022,1.921236537959719,0.2302158273381295,3.0,True,True,True,True
